timestamp,x,y,z,gx,gy,gz
181109300.0,-7.8750606,1.0313433,3.9482985,1.12,64.26,63.14
181109319.5,-6.3053126,0.6939433,3.3333209,2.73,72.66,62.09
181109339.0,-3.0820656,-1.0313433,1.7396442,-4.2,89.81,54.11
181109358.5,0.2656128,-3.0748868,0.4498667,11.76,137.97,28.98
181109377.0,-19.542881,1.1677392,24.869493,-206.08,63.07,-76.3
181109396.2,-15.673548,-12.6584835,14.457951,-97.3,19.74,-69.16
181109415.5,-7.9803486,10.299076,-4.8552103,30.03,-28.91,-35.98
181109434.8,-9.332341,-6.4967456,8.358428,-35.35,-29.47,-18.69
181109455.0,-8.226818,5.805195,2.0483294,-1.6800001,-34.86,-8.19
181109474.5,-9.325163,-1.61282,5.6113696,-13.37,-32.2,-3.85
181109494.0,-8.435001,2.9073834,4.357486,-7.56,-27.37,-1.61
181109513.5,-8.896832,0.53840435,5.130395,-0.21000001,-22.33,1.47
181109533.0,-8.671899,1.4405307,4.737958,-0.42000002,-16.45,3.99
181109552.5,-8.633613,1.6893932,4.8001738,3.5,-13.02,4.34
181109572.0,-8.808294,1.5458187,4.9078546,3.57,-10.29,3.15
181109591.5,-8.561825,1.7875023,4.6230984,0.42000002,-8.4,0.77
181109610.0,-8.616862,1.8808258,5.125609,-0.84000003,-4.76,-2.17
181109629.2,-8.76283,1.6750357,4.7259936,-1.4,-1.26,-3.5
181109648.5,-8.7389,1.6822144,4.874354,-1.61,1.75,-4.13
181109667.8,-8.877689,1.4883888,4.5895977,-1.33,2.94,-3.78
181109688.0,-8.968619,1.4740313,4.587205,-0.91,2.1,-2.17
181109707.5,-8.827438,1.3735292,4.4986672,-1.75,-0.49,-0.7
181109727.0,-8.638398,1.562569,4.544132,-3.08,-3.08,-1.54
181109746.5,-8.549861,1.8712541,4.9150333,-4.13,-2.8,-5.53
181109765.0,-8.7389,1.8162172,4.886318,-5.7400002,-0.7,-10.92
181109784.2,-8.6551485,1.3328499,4.9102473,-5.95,3.01,-12.88
181109803.5,-8.884868,1.1462029,4.874354,-4.48,6.02,-10.85
181109822.8,-8.920761,1.0217718,4.6733494,-2.59,7.42,-7.14
181109842.0,-8.815474,1.2490981,4.477131,-1.33,7.56,-3.64
181109861.2,-8.848974,1.1246668,4.4460235,-0.42000002,7.14,-1.12
181109880.5,-8.937511,1.3304569,4.6207056,0.28,6.86,0.49
181109899.8,-8.860939,1.6176059,4.4867024,-1.4,5.95,-2.1
181109920.0,-8.750865,1.8162172,4.508239,-3.29,5.6,-7.14
181109939.5,-8.502003,1.5123179,4.457988,-3.22,10.01,-11.9
181109959.0,-9.224661,1.0792016,4.5537043,2.1,14.9800005,-13.440001
181109978.5,-9.255769,1.1103094,4.462774,2.24,13.2300005,-10.78
181109998.0,-9.227054,1.0433079,4.1732316,-0.21000001,9.31,-7.21
181110017.5,-9.128944,0.72983694,4.2091255,-1.96,5.7400002,-3.71
181110037.0,-8.583362,1.3328499,4.139731,-3.29,3.15,-3.43
181110056.5,-8.892047,1.430959,4.4460235,-5.18,4.55,-6.23
181110076.0,-8.987762,1.5841051,4.5943837,-7.84,7.77,-10.5
181110095.5,-9.061943,1.040915,4.419701,-10.43,10.29,-13.51
181110115.0,-9.176803,0.5838696,4.0918727,-8.89,12.46,-10.08
181110134.5,-8.602505,0.36850783,3.8908687,-5.81,13.86,-4.48
181110153.0,-8.963834,0.067001425,4.481917,-2.1,18.2,3.15
181110172.2,-8.786758,0.859054,4.000942,0.7,21.49,7.42
181110191.5,-9.313198,0.7513731,4.0918727,1.26,23.03,7.21
181110210.8,-9.317985,1.3735292,3.8980472,4.06,23.59,7.91
181110230.0,-9.463951,1.3950654,3.4697168,4.69,21.77,6.79
181110249.2,-9.270126,0.6843717,3.7090075,5.95,19.81,10.85
181110268.5,-9.193553,0.5288327,4.0799084,9.38,23.52,20.93
181110287.8,-9.183981,2.371372,4.1493025,10.78,32.83,21.14
181110308.0,-8.820259,2.2852273,4.2617693,8.68,43.47,7.14
181110327.5,-9.284483,2.0124357,3.5773976,7.14,54.04,-9.94
181110347.0,-9.5907755,2.08183,3.172996,7.21,61.32,-22.4
181110366.5,-9.760673,1.742037,2.656128,4.06,64.12,-32.83
181110385.0,-9.547704,1.3639576,2.94567,-0.7,70.07,-35.420002
181110404.2,-9.523774,1.509925,2.5843408,-3.29,76.16,-39.27
181110423.5,-9.432844,1.0457008,2.21344,-6.86,78.4,-44.73
181110442.8,-8.961441,0.93562704,1.8138243,-8.89,80.78,-47.25
181110463.0,-9.698457,0.3326142,1.6726427,-12.6,87.08,-46.9
181110482.5,-8.707792,-0.2991135,2.108152,-13.3,101.5,-42.14
181110502.0,-7.5903044,-0.208183,2.1177237,-15.54,127.89,-38.85
181110521.5,-9.45438,0.442688,3.6898644,-16.87,171.57,-36.68
181110541.0,-8.602505,-0.40440148,2.8499537,-17.85,229.6,-35.77
181110560.5,-10.6269045,1.0433079,2.184725,-7.7,314.58,-45.36
181110580.0,-16.312454,2.763809,0.9499845,-19.81,386.68,-67.340004
181110599.5,-26.757498,1.354386,3.7449012,-17.29,455.42,-107.520004
181110618.0,-44.86224,3.2232473,13.0604925,6.02,462.07,-120.05
181110637.2,-33.610786,8.502003,14.371806,68.18,371.77,-143.64
181110656.5,-58.071095,-4.7714586,37.444225,188.23,248.22,-102.41
181110675.8,-41.533707,31.081484,30.531115,91.77,-108.36,-40.81
181110696.0,-15.951125,4.3670573,33.304493,46.62,-248.57,-52.29
181110715.5,-11.79943,14.170802,26.276524,133.14,-297.5,-44.31
181110735.0,-9.935354,13.613255,20.734549,131.25,-387.59,-6.09
181110754.5,-6.307706,7.085401,14.197124,147.98,-450.45,56.7
181110773.0,-12.146401,7.0447216,9.609919,174.23,-474.74,132.51
181110792.2,-13.383535,5.0921082,6.250276,168.7,-473.9,199.36
181110811.5,-15.43665,10.050214,-0.07418015,115.85,-459.41,251.72
181110830.8,-15.331362,-1.8449322,-1.8616825,16.66,-401.73,332.43
181110851.0,-23.314104,-9.686492,-4.4412374,27.09,-326.41,424.55
181110870.5,-27.528015,-16.889145,-15.96309,14.91,-282.87,409.85
181110890.0,-35.178143,-32.95513,-25.740513,22.26,-234.36,264.88
181110909.5,-60.30607,-20.880516,-34.232944,88.340004,-174.44,89.39
181110928.0,-44.30948,-28.920687,-51.55042,97.16,-111.020004,-50.12
181110947.2,-38.88715,-12.81163,-44.93403,57.61,30.94,-108.15
181110966.5,-26.336346,-16.109056,-31.830463,6.86,203.7,-70.91
181110985.8,-3.697043,-16.64746,-11.349563,-65.03,286.58,-62.58
181111005.0,72.86405,-78.40124,-37.157078,-507.78,-949.69,-172.27
181111024.2,21.622318,12.892989,-11.988469,-436.03,-831.39,-196.91
181111043.5,14.472308,-26.274132,10.198574,-186.2,-219.87,-106.82
181111062.8,-4.785816,-1.1390243,9.370628,1.82,4.13,9.38
181111083.0,-4.4460235,2.5340896,9.98082,11.13,77.42,-2.45
181111102.5,-2.943277,-0.07657306,11.540996,13.86,196.28,-7.35
181111122.0,-1.3137065,5.372079,11.093522,-10.15,366.52,-26.74
181111141.5,2.6178415,2.8499537,9.377807,-69.16,570.43,-120.89
181111161.0,-16.477566,7.209832,8.59054,-76.72,759.15,-228.62
181111180.5,-65.47236,4.7092433,-1.5673548,-54.53,818.02,-248.57
181111200.0,-72.292145,-5.6831565,18.951832,82.95,454.02,-99.19
181111219.5,-26.826893,-16.664211,-77.51347,-254.94,144.55,-287.63
181111239.0,-40.339645,11.68457,-6.147381,-184.8,-146.86,-329.84
181111258.5,-68.286415,20.124357,37.477726,87.5,100.45,-305.62
181111278.0,-64.09883,52.03857,49.83231,76.16,283.71,-341.88
181111297.5,-42.486084,38.26499,62.203648,-164.78,205.38,-290.36002
181111316.0,-10.076536,18.758007,56.19266,-167.79,113.33,-183.47
181111335.2,-2.8092742,28.489964,50.870834,-51.45,56.56,-150.71
181111354.5,9.442415,27.563908,38.851257,-11.55,-141.96,-85.96
181111373.8,32.79002,18.344034,17.863058,48.72,-313.74,50.33
181111393.0,-12.330655,13.32132,23.945831,150.29,-513.8,215.32
181111412.2,-21.457207,6.195239,19.471092,196.28,-651.91,315.42
181111431.5,-46.21902,7.2026534,27.561516,261.59,-713.23,369.39
181111450.8,-50.729652,17.27201,9.959284,187.32,-734.86,404.18
181111471.0,-38.98526,-15.496472,7.312727,182.0,-603.96,494.48
181111490.5,-44.723454,-15.336148,-3.4529665,198.45,-463.05,567.98
181111510.0,-67.159355,-54.19219,-20.358862,75.18,-474.67,412.86002
181111529.5,-78.34621,-43.211136,-30.753654,304.5,-350.77,167.65
181111548.0,-75.69726,-37.013504,-75.49146,83.79,-263.27,50.19
181111567.2,-78.34621,-24.74267,-59.765274,5.18,-22.33,35.98
181111586.5,-55.702114,-33.988865,-48.520996,-35.14,214.27,-29.960001
181111605.8,-28.64311,-12.742235,-22.806807,-16.94,306.95,-110.67
181111626.0,78.26963,-78.40124,-78.36774,-1108.03,-1640.31,-618.17
181111645.5,60.329998,12.857095,-19.341877,-853.93,-1123.5,-340.48
181111665.0,13.2016735,-32.713448,-7.659699,-224.56,-185.29,-87.36
181111684.5,-3.7544727,5.915269,12.32587,18.69,63.0,-4.34
181111704.0,-0.9834852,-1.1007377,13.316533,12.81,162.05,4.34
181111723.5,1.9741492,5.1758604,15.929589,-11.4800005,334.46,3.22
181111743.0,4.0488005,11.5721035,16.611568,-116.340004,561.96,-107.38
181111762.5,-5.4869385,14.81928,15.860195,-132.72,858.69,-317.87
181111781.0,-78.34621,-12.603447,-0.5838696,-78.61,1060.22,-316.61002
181111800.2,-41.959644,19.7391,-22.165508,305.27,363.65,-19.460001
181111819.5,-67.65948,-20.870945,-11.976505,78.19,874.02,-1.61
181111838.8,-14.020048,-27.449049,-20.306217,-339.43,473.27,-129.85
181111859.0,-60.229496,-9.564454,20.232038,60.48,429.31,-122.85
181111878.5,-78.34621,31.430847,28.291353,370.44,462.35,-187.11
181111898.0,-63.4336,38.339172,37.633266,193.48,348.11002,-321.02
181111917.5,-51.646137,31.12695,46.228592,13.65,232.19,-340.55
181111936.0,-31.524172,36.877106,45.10632,78.33,112.35,-231.49
181111955.2,-13.4529295,35.103962,44.517662,-24.85,35.77,-186.2
181111974.5,-5.235683,27.941988,46.510956,-124.95,-69.86,-94.08
181111993.8,19.638597,16.180845,34.91971,-124.88,-265.44,37.66
181112014.0,12.428764,5.281148,28.68379,-74.83,-494.13,125.020004
181112033.5,-9.038013,3.7377224,15.9271965,45.64,-714.21,161.28
181112053.0,-26.941751,1.0050215,16.496708,165.9,-789.11,179.83
181112072.5,-43.065166,6.1617384,22.490944,282.73,-756.91,259.21
181112091.0,-50.708115,11.574496,9.729565,259.7,-731.36,335.37
181112110.2,-29.561987,-8.772401,-0.27039862,161.49,-638.82,402.5
181112129.5,-34.802456,-10.674763,-5.266791,171.43001,-509.6,508.62
181112148.8,-46.018017,-35.43179,-15.596975,132.3,-512.4,447.09
181112168.0,-57.733692,-52.514763,-29.99989,332.43,-442.33002,260.47
181112187.2,-78.34621,-26.307632,-57.28383,174.72,-330.54,104.72
181112206.5,-75.75229,-44.149155,-54.44584,-48.16,-99.05,76.44
181112225.8,-68.93729,-35.785942,-64.18737,-99.89,49.35,14.49
181112246.0,-58.805717,-27.580658,-38.25303,-63.91,225.82,-81.340004
181112265.5,-18.099957,-21.56728,-15.309826,-10.85,328.44,-168.63
181112285.0,-78.34621,74.30698,78.40124,-335.09,820.75,-105.42
181112304.5,-78.34621,78.36774,78.40124,743.54,1117.41,-188.58
181112324.0,-38.939793,-23.957796,78.212204,481.39,512.61,-146.16
181112343.5,11.320848,-6.532639,10.681942,111.79,207.27,6.51
181112363.0,7.391693,5.003571,20.004711,5.11,353.64,3.3600001
181112382.5,11.430922,15.09925,19.047548,-51.87,650.86,-113.68
181112402.0,-24.780956,16.915468,20.751299,-141.61,1039.5,-317.38
181112421.5,-78.34621,-7.0231853,10.210539,-50.05,1129.66,-205.59
181112441.0,5.3960075,50.954586,-4.5728474,77.98,-50.19,-53.48
181112460.5,-78.34621,10.2344675,78.40124,239.26,487.9,-148.33
181112479.0,-71.37805,-21.564888,19.250946,255.29001,823.2,-131.6
181112498.2,-78.34621,15.046606,17.70034,383.74,643.72003,-117.32
181112517.5,-78.34621,30.437792,31.36624,249.34,468.51,-203.77
181112536.8,-65.67097,30.631617,38.604786,-7.7,376.32,-319.34
181112556.0,-59.521194,23.56775,53.859577,58.52,270.55,-264.11002
181112575.2,-35.781155,38.65743,47.16422,71.82,155.89,-212.38
181112594.5,-22.794842,28.992474,57.511154,-41.09,60.41,-138.39
181112613.8,-7.037543,28.107098,51.686813,-131.18001,-134.05,-9.45
181112634.0,42.414295,4.9102473,38.432495,-135.03,-412.86002,96.95
181112653.5,12.340227,2.6872358,35.57776,-57.12,-636.23,154.35
181112673.0,-33.30928,-4.034443,24.910173,52.85,-882.28,100.87
181112692.5,-54.936382,1.74443,23.42657,274.96,-922.04,96.88
181112711.0,-63.644176,10.794409,12.323477,380.73,-822.01,153.79
181112730.2,-53.120167,5.721443,-0.057429794,394.17,-702.38,256.9
181112749.5,-44.780884,7.025578,-6.8796105,302.75,-553.14,492.94
181112768.8,-41.63421,-22.316261,-16.58046,79.03,-487.27,659.75
181112789.0,-40.593292,-60.325214,-18.198067,125.090004,-434.56,555.66
181112808.5,-78.34621,-44.024723,-22.888166,267.33,-429.38,198.94
181112828.0,-65.03207,-44.44827,-59.143116,185.08,-425.6,51.59
181112847.5,-67.714516,-32.825912,-65.07035,-10.22,-129.99,19.11
181112867.0,-60.349144,-39.203014,-61.67003,-27.37,3.92,-24.78
181112886.5,-52.25872,-21.670176,-45.300144,-7.35,239.19,-52.99
181112906.0,-34.266445,-32.87377,-13.565396,-58.170002,360.85,-100.24
181112925.5,-78.34621,45.43654,-23.80465,-30.45,494.83002,-63.49
181112944.0,78.26963,4.23784,-11.598426,816.69,1114.89,-240.94
181112963.2,12.22776,-65.61594,10.330184,331.73,729.96,-225.47
181112982.5,-6.4153867,-13.622826,18.767578,12.39,281.12,-38.15
181113001.8,2.943277,14.962854,18.092777,45.5,389.13,12.39
181113022.0,7.4323726,10.701085,21.366276,-27.65,699.16,-97.65
181113041.5,-24.517736,5.9056973,26.10902,-125.79,1048.67,-268.24
181113061.0,-78.34621,4.0296574,6.5302463,-67.48,1132.67,-164.85
181113080.5,-1.7228938,59.315407,4.7977805,-161.63,-117.11,-123.13
181113099.0,-78.34621,8.372786,78.40124,404.81,692.3,-73.22
181113118.2,-78.34621,-18.987726,10.97627,388.29,973.77,-47.53
181113137.5,-78.34621,17.793665,14.168408,355.46,687.54,-114.17
181113156.8,-78.34621,30.684261,35.852943,279.09,530.11,-224.98
181113177.0,-77.302895,33.541393,43.98883,171.71,422.59,-320.53
181113196.5,-63.256527,37.28151,49.09051,168.63,263.34,-312.69
181113216.0,-40.54065,45.984516,50.478397,92.89,85.26,-248.5
181113235.5,-19.279661,38.990044,54.244835,-35.98,-65.31,-149.73
181113254.0,1.2347406,32.397583,47.520763,-110.6,-288.26,5.32
181113273.2,46.57556,13.261497,36.207092,-92.33,-524.16,147.77
181113292.5,-9.514202,6.008592,37.90845,61.81,-710.01,273.07
181113311.8,-42.263542,-1.0241647,24.546452,136.22,-903.42,277.13
181113332.0,-66.35295,-10.212932,30.736904,295.4,-901.11,305.97
181113351.5,-64.99139,4.718815,10.983448,342.16,-864.99,324.03
181113371.0,-45.20682,1.2921704,-4.4890957,252.84,-749.84,399.98
181113390.5,-39.88499,-4.7475295,-11.978898,85.12,-629.44,563.36
181113410.0,-38.79861,-52.03618,-21.873573,105.49,-534.1,584.71
181113429.5,-65.692505,-48.35828,-27.683554,378.07,-373.59,367.22
181113449.0,-78.34621,-35.936695,-40.983337,194.11,-354.9,117.6
181113468.5,-77.63312,-44.620556,-67.53026,-55.16,-222.88,45.5
181113487.0,-78.00641,-39.509304,-68.58075,-77.840004,-20.51,-50.89
181113506.2,-55.271393,-28.427748,-62.06725,-17.36,213.85,-73.43
181113525.5,-49.688736,-36.752674,-22.947989,-8.75,374.01,-127.33
181113544.8,-21.868788,-25.563437,-1.1797037,-37.66,414.54,-259.0
181113565.0,78.26963,-78.40124,-78.36774,-353.29,75.46,45.5
181113584.5,76.099266,-78.40124,-72.170105,-344.61002,-114.38,-3.85
181113604.0,-3.8071167,-12.132044,20.021461,-32.06,252.84,13.51
181113623.5,-4.22109,19.63381,16.001377,80.22,539.7,11.27
181113642.0,10.076536,9.84921,13.160995,-80.36,860.58,-157.43001
181113661.2,-77.6714,1.4716384,21.318419,-153.86,1168.51,-317.38
181113680.5,-78.34621,10.59819,45.290573,68.04,819.0,-136.29
181113699.8,-45.221176,7.5448394,-78.36774,-1111.32,189.21,-264.18
181113719.0,-60.329998,25.912802,-18.67904,-718.27,111.65,-162.05
181113738.2,-78.34621,8.289034,32.586624,262.64,641.83,-16.66
181113757.5,-78.34621,14.63024,32.24922,458.08002,638.47003,-68.11
181113776.8,-78.34621,27.102077,37.19297,335.02,470.05,-237.44
181113797.0,-75.30721,34.108513,44.843098,249.69,346.15,-353.99
181113816.5,-59.356087,49.97828,49.375267,172.9,186.34,-327.32
181113836.0,-32.93838,43.14174,56.616207,10.85,17.85,-199.01
181113855.5,-7.623805,33.046062,56.412807,-111.44,-152.18001,-47.32
181113875.0,23.402641,23.201637,47.75527,-140.14,-390.18,100.03
181113894.5,30.193714,15.795587,41.311165,-48.16,-632.73,235.9
181113914.0,-43.110634,6.3053126,32.916843,54.81,-920.08,250.53
181113933.5,-54.369267,-9.109801,27.669197,247.1,-997.5,193.69
181113953.0,-73.2876,-4.1469097,24.297588,400.89,-930.93,217.42
181113972.5,-61.08855,0.47140288,5.726229,442.05,-847.84,243.39
181113992.0,-52.1989,11.318456,-9.368236,331.38,-726.74,436.45
181114011.5,-42.967056,-40.44254,-26.499063,119.35,-657.58,605.36
181114030.0,-36.960857,-67.92509,-38.841682,421.19,-450.17,548.24
181114049.2,-78.34621,-22.794842,-42.880913,283.71,-280.07,228.34
181114068.5,-78.34621,-57.159397,-60.047634,-16.38,-193.55,140.28
181114087.8,-78.34621,-48.197956,-69.47091,-24.22,2.17,-12.39
181114107.0,-60.270176,-29.356197,-67.53026,47.11,198.31,-117.46
181114126.2,-55.22114,-36.29563,-23.785507,17.36,381.36002,-162.12
181114145.5,-32.522015,11.840109,11.844895,-32.62,434.28,-263.76
181114164.8,78.26963,-78.40124,-78.36774,283.01,227.57,-183.61
181114185.0,78.26963,-78.40124,-73.995895,-45.57,173.74,-86.24
181114204.5,-14.402914,-11.914289,30.509579,-4.34,332.22,11.27
181114224.0,-0.28236315,18.396677,17.71709,60.97,554.75,-6.02
181114243.5,14.084657,9.609919,16.740786,-96.46,875.14,-169.75
181114262.0,-78.34621,-3.3883579,24.780956,-211.05,1203.09,-332.92
181114281.2,-78.34621,14.1468725,51.150803,135.59,668.22003,-121.03
181114300.5,-7.8439527,-61.06941,-78.36774,-930.44,575.4,-132.51
181114319.8,-45.254677,-9.868353,-25.824265,-786.73,315.91,-185.36
181114340.0,-78.34621,8.052135,27.73859,255.29001,661.71,-148.54
181114359.5,-78.34621,32.160686,31.57203,456.96,631.47003,-230.23
181114379.0,-78.34621,33.412174,40.301357,174.65,424.34,-349.51
181114398.5,-73.89061,33.625145,47.9802,85.4,287.14,-350.56
181114417.0,-56.015587,46.625813,54.005543,60.27,160.51,-286.86002
181114436.2,-30.643581,43.3236,59.02347,-15.82,-1.05,-151.06
181114455.5,-5.3577213,33.2016,56.70235,-104.65,-223.79001,0.07
181114474.8,37.946735,19.14805,43.814148,-149.52,-479.99,117.88
181114495.0,35.00107,11.696535,34.161156,25.9,-677.39,283.85
181114514.5,-48.90147,-2.9217408,32.323402,119.91,-914.97003,347.34
181114534.0,-65.13257,-6.353171,30.665117,243.25,-963.06,326.2
181114553.5,-78.34621,-0.2057901,22.909702,351.12,-891.73,334.6
181114573.0,-62.904766,5.9248405,1.2036327,337.82,-825.58,336.63
181114592.5,-52.39033,-1.4237803,-10.169859,222.46,-704.41,482.02
181114612.0,-43.79261,-42.610516,-28.669432,122.29,-645.82,512.47003
181114631.5,-53.40971,-61.361343,-36.207092,359.8,-464.8,342.37
181114650.0,-78.34621,-35.041744,-44.108475,363.16,-299.32,167.93001
181114669.2,-78.34621,-32.096077,-73.06984,0.56,-221.34,186.69
181114688.5,-78.34621,-58.650177,-63.586746,-26.81,102.48,79.73
181114707.8,-59.198154,-34.694775,-61.72028,93.590004,217.14,-68.95
181114728.0,-59.164654,-33.72804,-27.27676,88.97,367.36002,-168.49
181114747.5,-30.98816,-29.68881,-9.389771,-96.74,412.79,-261.73
181114767.0,78.26963,-78.40124,-78.36774,-1106.28,-891.03,-636.09
181114786.5,75.292854,-78.40124,-63.469494,-1159.2,-745.15,-293.58
181114805.0,20.301432,-1.5793194,-4.23784,-299.39,85.12,-49.21
181114824.2,-4.113409,9.162445,8.490038,23.87,533.4,-3.08
181114843.5,11.677391,2.6106627,9.408915,-153.16,856.87,-154.07
181114862.8,-77.649864,-6.118666,20.52158,-256.41,1158.92,-344.12
181114882.0,-78.34621,-7.243333,42.036217,-71.4,849.03,-132.72
181114901.2,-61.741814,-12.476623,-78.36774,-1365.49,146.72,-208.95
181114920.5,-78.252884,38.664608,-29.853922,-630.91,186.83,-126.35
181114939.8,-78.34621,27.800806,28.542608,339.43,667.87,-21.98
181114960.0,-78.34621,38.063988,31.880714,353.71,645.26,20.37
181114979.5,-78.34621,33.077168,39.33223,201.53,525.77,-31.22
181114999.0,-70.33714,35.48204,50.452076,177.38,423.57,-196.28
181115018.5,-52.82823,46.865105,56.00123,193.41,246.19,-245.07
181115038.0,-30.129107,39.803635,64.19454,11.69,48.02,-192.29
181115057.5,1.2921704,19.042763,68.516136,-97.090004,-185.85,-94.5
181115077.0,35.697403,1.8736471,69.76284,-144.62,-479.36002,-5.67
181115096.5,13.512752,7.585519,62.03375,-69.090004,-792.47003,60.760002
181115116.0,-63.988754,-4.5967765,31.129341,100.73,-1189.23,21.28
181115135.5,-78.25767,4.613527,18.437357,380.59,-1174.74,52.43
181115155.0,-74.34048,5.8506603,14.266518,490.49,-958.51,177.94
181115174.5,-64.58938,10.684335,0.22254045,426.37,-743.75,391.23
181115193.0,-52.414257,-11.447672,-11.225132,233.31,-621.6,616.21
181115212.2,-47.850983,-62.342434,-23.019775,244.65,-528.15,614.81
181115231.5,-78.34621,-56.721493,-32.73977,452.48,-378.84,412.93
181115250.8,-78.34621,-45.843334,-53.713608,277.34,-319.48,219.45
181115270.0,-78.34621,-46.338665,-65.59679,-78.33,-160.44,117.81
181115289.2,-75.65418,-48.573643,-52.03618,-20.65,85.68,-10.15
181115308.5,-47.43701,-28.60243,-52.359222,-70.07,177.73,-114.03
181115327.8,-48.537746,-20.014284,-21.119806,-21.07,338.24,-141.33
181115348.0,-28.02574,-25.348076,-9.478309,-47.46,432.74,-200.9
181115367.5,78.26963,-60.246246,-78.36774,218.82,201.32,-281.47
181115387.0,32.574657,-78.40124,-58.32474,-194.18001,133.35,-115.29
181115406.5,-5.2524333,10.263183,23.701756,-26.460001,409.36002,-11.9
181115425.0,-2.7662017,14.273697,12.677627,51.52,685.44,-45.85
181115444.2,5.6329055,4.663778,16.235882,-116.83,1009.68,-232.68001
181115463.5,-78.34621,-12.273226,-10.902089,-180.74,1216.18,-287.07
181115482.8,-78.34621,21.763498,-18.918331,-114.24,348.32,-181.79
181115503.0,-72.761154,-77.724045,-15.218896,-415.66,1121.96,-23.03
181115522.5,-51.0838,-42.34251,-32.507656,-391.16,832.02,-2.94
181115542.0,-78.34621,13.579754,16.913074,302.89,668.15,-90.65
181115561.5,-78.34621,31.497849,34.206623,434.77,525.0,-214.48
181115581.0,-78.34621,28.195637,44.46502,253.54001,376.53,-344.75
181115600.5,-78.34621,42.100826,49.119225,193.27,285.25,-403.34
181115620.0,-59.348907,55.02492,59.9591,43.4,119.0,-322.28
181115639.5,-22.100899,41.421238,62.258682,-79.94,-65.17,-154.84
181115658.0,9.913818,32.455013,57.972984,-90.51,-283.71,2.1
181115677.2,58.729145,26.819714,40.724903,-19.32,-539.98,158.13
181115696.5,-37.76009,21.253809,67.08757,192.08,-654.22003,367.15
181115715.8,-59.87056,-4.5345607,29.913744,194.81,-933.38,405.86002
181115736.0,-78.34621,-12.160759,37.75052,287.63,-951.23,396.27
181115755.5,-77.49672,-2.2589052,21.10545,400.61002,-872.27,380.59
181115775.0,-66.42952,0.31347096,1.2538838,329.56,-764.96,468.23
181115794.5,-52.95027,-19.248552,-17.410799,99.96,-677.67,620.06
181115813.0,-51.11491,-64.31658,-28.915901,222.46,-570.22003,627.9
181115832.2,-78.04709,-41.713173,-36.75507,380.24,-361.34,317.8
181115851.5,-78.34621,-48.73636,-55.45325,243.6,-317.24,127.33
181115870.8,-68.79132,-41.964428,-78.36774,-108.5,-216.02,73.71
181115891.0,-78.14281,-43.986435,-60.162495,-60.62,78.54,8.54
181115910.5,-42.239613,-38.81297,-55.59683,0.91,280.84,-74.83
181115930.0,-55.084743,-27.348547,-19.506987,3.64,411.81,-161.35
181115949.5,-78.34621,16.554138,-59.28669,21.91,536.55,-140.63
181115968.0,78.26963,-38.79622,-7.29837,435.33002,950.81,-404.74
181115987.2,33.574894,-65.72122,-3.6755068,469.21,755.86,-182.28
181116006.5,-0.16750357,-1.1270597,37.07093,117.67,558.11,-11.13
181116025.8,11.416565,26.257381,23.440928,26.6,800.87,-87.64
181116045.0,-28.8489,21.63189,16.188023,-67.06,1159.6901,-281.26
181116064.2,-78.34621,-14.623061,10.177038,-206.08,1227.52,-203.56
181116083.5,-56.599457,77.10429,45.721294,-404.95,168.77,-230.58
181116102.8,-78.34621,-12.876239,78.40124,245.42,859.6,-10.92
181116123.0,-78.34621,-18.06167,17.286367,428.12,1072.54,64.68
181116142.5,-78.34621,3.8142955,33.51507,461.93,739.13,0.7
181116162.0,-78.34621,29.181515,34.96039,455.98,444.92,-129.78
181116181.5,-78.34621,35.848156,46.429596,323.89,297.78,-262.71
181116201.0,-55.991657,47.14747,49.207764,181.79,199.15,-324.66
181116220.5,-35.273857,39.829956,61.00001,51.8,82.95,-221.83
181116240.0,-3.9722273,33.95776,60.274963,-31.64,-71.89,-49.07
181116259.5,14.608704,22.017147,53.218277,-108.85,-317.87,81.62
181116279.0,76.61852,24.491415,34.488983,-12.39,-641.13,206.08
181116298.5,-48.741146,6.609212,39.662453,44.03,-935.27,256.2
181116318.0,-61.074192,-9.380199,27.396404,241.08,-1029.56,197.75
181116337.5,-78.34621,2.4599094,19.542881,425.32,-940.31,201.39
181116356.0,-58.66932,6.345992,5.2404685,438.69,-823.97003,231.14
181116375.2,-53.014877,5.57069,-11.569711,295.61002,-699.3,446.53
181116394.5,-37.96588,-40.43536,-26.113806,152.04,-602.56,635.39
181116413.8,-41.416454,-63.60589,-32.8977,386.54,-420.42,625.17
181116433.0,-78.34621,-42.356865,-34.852707,267.82,-301.21,270.69
181116452.2,-78.34621,-45.55379,-53.251778,102.9,-258.51,149.94
181116471.5,-73.16316,-47.606907,-69.51637,13.58,-70.49,41.72
181116490.8,-64.80713,-45.202034,-59.128757,129.43001,109.06,-67.97
181116511.0,-50.332428,-34.40284,-38.89672,72.31,324.31,-140.49
181116530.5,-43.467175,-30.861336,-7.44673,-98.63,388.08,-242.83
181116550.0,-78.34621,78.36774,78.40124,182.98,-25.34,-136.78
181116569.5,-78.34621,20.8518,78.40124,664.02,1221.99,-50.26
181116588.0,-51.906963,18.420607,77.302895,577.08,718.55,24.99
181116607.2,8.506788,-0.7059079,22.246866,178.08,441.98,13.65
181116626.5,16.534994,20.507223,23.172922,-33.04,760.62,-110.6
181116645.8,-43.97926,11.476387,32.83309,-179.83,1180.2,-362.88
181116666.0,-78.34621,-19.679276,17.908524,-106.68,1147.02,-143.08
181116685.5,-52.445366,78.36774,-78.36774,-1010.73,-189.63,-306.39
181116705.0,-78.34621,56.367344,5.1878247,-257.39,145.53,-162.68001
181116724.5,-78.34621,-1.6606783,33.40021,359.45,818.23,-37.24
181116744.0,-78.34621,15.637654,41.251343,415.38,688.73,-114.87
181116763.5,-78.34621,24.362198,41.440384,319.62,432.39,-259.35
181116783.0,-78.34621,33.34039,48.69568,258.16,312.76,-359.8
181116802.5,-63.550854,52.29222,51.837566,167.3,207.48,-362.74
181116821.0,-35.259502,44.642094,60.65065,-7.77,68.95,-237.93001
181116840.2,-9.155267,37.829483,61.961964,-93.24,-101.29,-45.78
181116859.5,23.993689,30.674688,55.82176,-146.09,-323.26,121.1
181116878.8,66.71428,17.288761,38.035275,-40.04,-684.53,230.09
181116899.0,-48.585606,8.396714,46.123302,91.7,-931.0,299.18
181116918.5,-66.68796,-4.1493025,29.291588,254.66,-1009.68,288.19
181116938.0,-77.798225,-2.5963054,26.049198,420.14,-898.94,327.18
181116957.5,-69.222046,2.2612982,15.125572,455.63,-802.06,347.9
181116976.0,-61.368523,13.440965,-3.8358316,233.17,-735.77,482.93
181116995.2,-49.095295,-41.466705,-18.746042,49.420002,-692.3,613.34
181117014.5,-48.528175,-62.672657,-26.111414,344.33,-530.95,554.33
181117033.8,-78.34621,-25.010675,-33.3715,348.88,-355.74,235.83
181117054.0,-78.34621,-40.46886,-57.13307,54.18,-288.05,153.37
181117073.5,-73.48142,-51.854317,-78.36774,-93.31,-55.37,77.0
181117093.0,-64.0079,-35.747654,-65.03207,158.48,167.65,12.11
181117112.5,-55.65665,-43.06756,-35.1925,27.02,366.87,-89.46
181117131.0,-38.683754,-34.792885,-14.405307,-134.26,412.58,-241.57
181117150.2,75.517784,-78.14999,-78.36774,-1668.52,-1617.49,-711.97003
181117169.5,75.40292,-3.5773976,-13.421822,-1204.77,-1025.78,-519.61
181117188.8,13.979369,-15.415114,-12.833166,-231.84,-37.73,-88.76
181117208.0,7.580733,5.29072,12.385693,30.03,454.51,-2.1
181117227.2,8.408679,6.6044264,8.597719,-153.3,824.53,-148.05
181117246.5,-78.34621,0.27997026,32.325794,-182.56,1219.61,-289.8
181117265.8,-78.34621,-10.076536,10.964305,133.77,781.76,-98.63
181117286.0,-39.99985,-41.844784,-78.36774,-944.23,568.4,-260.68
181117305.5,-54.862206,1.6223917,-25.908016,-841.54,312.69,-260.33
181117325.0,-78.34621,-4.192375,30.014246,137.76,717.15,-148.89
181117344.5,-78.34621,21.765892,37.894093,406.63,691.74,-239.68001
181117364.0,-78.34621,28.236315,40.504757,223.3,462.35,-366.38
181117383.5,-78.34621,29.46627,46.001266,179.62,349.58,-400.89
181117403.0,-66.68317,52.93352,48.24581,137.34,230.16,-367.5
181117422.5,-41.9405,48.171635,58.561638,3.64,66.5,-237.72
181117442.0,-14.979605,42.364044,60.674576,-61.95,-126.91,-47.18
181117461.5,28.095135,33.321243,51.46906,-112.0,-362.18,130.06
181117481.0,49.992638,21.670176,44.5392,16.66,-564.06,348.95
181117500.5,-54.778454,3.412287,40.325287,35.35,-915.67,416.71
181117519.0,-63.512566,-15.101643,28.107098,190.12,-1039.22,328.58
181117538.2,-78.34621,-4.9652843,21.964504,358.68,-959.35,292.67
181117557.5,-70.30364,-5.522832,19.877888,461.65,-840.42,296.66
181117576.8,-68.32471,1.2969562,1.014593,362.88,-761.67,440.23
181117596.0,-62.021786,-42.457367,-24.089405,194.39,-742.63,582.33
181117615.2,-64.04619,-56.898567,-36.55885,348.25,-592.13,582.68
181117634.5,-78.34621,-32.663197,-39.061832,259.0,-377.09,243.81
181117653.8,-78.34621,-40.404255,-65.53218,65.45,-234.15,148.47
181117674.0,-78.34621,-54.845455,-71.172264,-88.48,33.04,72.73
181117693.5,-62.179718,-36.470314,-63.75425,148.47,250.18001,-38.85
181117713.0,-56.57074,-30.91398,-25.917587,116.9,362.88,-159.6
181117732.5,-75.72597,42.792374,-26.144915,56.7,442.47,-206.36
181117751.0,78.26963,-78.40124,-38.647858,133.28,865.55,-504.42
181117770.2,7.884632,-70.91144,-48.86797,293.86002,557.97003,-192.99
181117789.5,-10.933197,16.88436,19.250946,178.99,403.2,24.92
181117808.8,-12.881024,18.296175,8.961441,41.51,584.71,-35.98
181117829.0,9.105016,5.2428617,16.109056,-140.56,908.46,-212.03
181117848.5,-78.34621,-1.7827165,15.0322485,-214.62,1172.29,-335.09
181117868.0,-78.34621,10.748943,20.413898,-17.22,586.67,-133.63
181117887.5,-24.08462,-78.40124,-78.36774,-708.68,937.02,-52.29
181117907.0,-54.682735,-23.211208,-31.402132,-719.95,605.22003,-80.5
181117926.5,-78.34621,14.288054,29.427984,212.8,650.23,-62.09
181117946.0,-78.34621,32.861805,34.9891,384.79,544.11,-185.36
181117965.5,-78.34621,26.666567,43.663395,219.73,390.67,-343.0
181117984.0,-74.61088,35.852943,46.54685,193.13,312.62,-409.99
181118003.2,-56.917713,52.699017,53.158455,87.15,192.01,-372.89
181118022.5,-28.573715,45.137424,58.777,-40.25,30.03,-206.64
181118041.8,-1.2155973,40.44254,55.735615,-75.53,-166.67,-18.34
181118062.0,49.561913,29.829992,50.150566,-96.67,-427.35,150.64
181118081.5,-15.802765,17.154758,70.32039,26.67,-595.42,349.93
181118101.0,-53.79736,-5.0968943,29.33466,108.43,-967.61,337.75
181118120.5,-71.069374,-16.460815,29.700775,314.16,-1013.81,292.39
181118139.0,-69.40151,53.651394,-1.7922882,305.9,-972.51,238.0
181118158.2,-50.832546,-12.584304,-5.9439836,466.13,-884.1,350.56
181118177.5,-53.151276,13.278247,-13.393106,167.09,-704.06,577.08
181118196.8,-51.193874,-66.00119,-23.993689,26.53,-627.55,715.33
181118217.0,-65.278534,-46.034767,-32.79002,387.59,-399.84,635.88
181118236.5,-78.34621,-32.373653,-38.26021,188.44,-351.54,248.85
181118256.0,-78.34621,-54.165867,-72.19643,-13.09,-262.57,129.22
181118275.5,-78.34621,-53.39535,-64.99139,41.37,41.37,-7.56
181118294.0,-54.491302,-27.774485,-64.28069,215.32,261.94,-94.99
181118313.2,-52.706192,-37.61173,-26.228666,0.42000002,358.19,-166.39
181118332.5,-78.34621,78.36774,78.40124,-696.29,481.25,-501.76
181118351.8,-59.322586,-78.40124,78.40124,-263.06,1462.51,-212.38
181118372.0,9.894675,-5.072965,70.282104,446.18,844.55,1.54
181118391.5,0.16750357,-9.052371,24.94846,87.78,428.26,4.13
181118411.0,6.1832747,23.52468,22.835522,13.79,653.17,-88.83
181118430.5,6.637927,12.644126,22.01954,-60.9,1024.59,-266.91
181118450.0,-78.34621,-12.266047,-11.861646,-203.07,1172.29,-259.56
181118469.5,-44.469803,19.301197,-50.50472,-153.65,163.31,-238.28
181118489.0,-78.34621,-55.850475,36.05634,83.58,1238.86,17.29
181118508.5,-68.88704,-40.64115,-10.722621,-102.76,1097.46,42.7
181118527.0,-78.34621,11.153344,14.156445,228.41,805.35,-48.37
181118546.2,-78.34621,27.468191,33.62993,332.15,619.57,-185.85
181118565.5,-78.34621,17.01597,41.526527,275.17,426.79,-288.96
181118584.8,-78.07102,27.975489,41.906998,308.07,301.07,-349.02
181118605.0,-58.9469,49.037865,43.16567,188.58,165.34,-368.97
181118624.5,-38.736397,42.100826,57.487225,-8.68,8.96,-238.49
181118644.0,-11.6223545,33.668217,58.482674,-74.55,-169.12,-47.6
181118663.5,43.19917,18.561789,46.99193,-70.56,-438.41,85.19
181118682.0,-3.177782,10.24404,63.34267,88.06,-566.86,274.75
181118701.2,-56.6856,2.8930259,25.367218,94.71,-935.34,323.82
181118720.5,-61.02155,-10.827909,24.331089,252.49,-988.82,297.01
181118739.8,-78.34621,2.6393776,22.46462,390.11002,-883.89,340.9
181118759.0,-67.95141,-2.2014754,14.503416,384.37,-805.14,369.88
181118778.2,-60.808582,0.06460852,-2.502982,282.24,-755.72003,435.33002
181118797.5,-51.73228,-31.05516,-18.049706,209.02,-719.04,470.61002
181118816.8,-53.577213,-53.038807,-30.598116,377.16,-582.68,476.84
181118837.0,-78.34621,-34.66606,-31.043198,409.92,-296.1,327.32
181118856.5,-78.34621,-40.97137,-56.374523,95.9,-240.59,281.75
181118876.0,-67.30054,-78.00641,-74.31894,-87.78,-11.55,119.21
181118895.5,-58.614285,-49.688736,-68.00645,183.96,108.01,-81.48
181118915.0,-57.3604,-30.61008,-36.52774,95.76,307.58,-184.66
181118934.5,-38.32721,-32.531586,-8.595325,-127.26,391.37,-275.87
181118954.0,78.26963,-9.2988405,-78.36774,-1625.54,-1615.11,-1121.47
181118973.5,73.61064,-78.40124,2.2254045,-1489.88,-789.18,-686.0
181118993.0,9.320377,-10.837481,-8.420644,-216.44,144.34,-89.81
181119012.5,-1.5697477,6.1497736,9.100229,31.710001,478.8,-6.58
181119032.0,13.227996,5.029893,9.167231,-190.05,784.42,-173.25
181119051.5,-69.61927,4.158874,25.477293,-310.94,1135.12,-375.76
181119070.0,-78.34621,-14.9915695,29.353804,-67.06,925.47003,-97.58
181119089.2,-63.95765,31.378204,-78.36774,-1490.16,-31.15,-202.51
181119108.5,-77.769516,34.340626,-24.656525,-773.71,136.01,-180.25
181119127.8,-78.34621,0.45943835,31.430847,284.97,767.55,-64.75
181119147.0,-78.34621,10.167466,51.768173,352.59,690.83,-128.1
181119166.2,-78.34621,22.952774,42.2444,288.61002,480.41,-244.09
181119185.5,-78.34621,31.964466,46.025196,286.16,370.58,-323.05
181119204.8,-60.93301,48.9924,50.10271,194.39,245.42,-333.62
181119225.0,-36.77182,42.940735,60.038063,-5.11,91.49,-234.78
181119244.5,-12.486195,33.005383,62.57694,-95.13,-103.25,-72.590004
181119264.0,20.734549,26.302845,50.97373,-111.65,-383.81,57.33
181119283.5,45.580112,23.321281,40.265465,13.93,-623.28,216.3
181119302.0,-49.89931,7.580733,29.67924,97.79,-928.97003,294.07
181119321.2,-61.043087,-9.566847,24.642168,254.17,-983.36,275.52
181119340.5,-77.20479,0.703515,22.1679,450.38,-867.58,308.63
181119359.8,-67.70016,10.289505,8.585754,409.5,-818.44,326.83
181119380.0,-60.56211,2.2206187,-6.7910733,225.68001,-751.45,490.98
181119399.5,-48.832077,-37.70984,-23.431356,62.79,-704.13,602.14
181119419.0,-45.43893,-62.203648,-31.32556,324.87,-558.39,562.31
181119438.5,-78.34621,-30.052532,-32.383224,342.93,-388.43,249.06
181119458.0,-78.34621,-39.688774,-50.60522,164.43001,-322.42,122.57
181119477.5,-64.84781,-37.506443,-75.06074,-29.19,-126.14,91.56
181119497.0,-67.86048,-49.169476,-55.73083,49.91,117.67,-0.84000003
181119516.5,-39.803635,-32.376045,-47.877304,84.98,304.15,-93.94
181119536.0,-36.573208,-28.901545,-16.530209,-10.5,356.09,-193.27
181119555.5,-78.34621,77.16171,37.24083,-611.24,-1260.35,-202.09
181119575.0,-78.34621,78.36774,47.927555,329.77,-580.79,-39.55
181119594.5,-0.7346228,-34.692383,22.658447,60.34,48.44,17.710001
181119613.0,9.751101,-0.78008807,21.73957,-33.95,413.91,-22.47
181119632.2,19.066692,11.9645405,18.320105,-149.66,764.82,-159.88
181119651.5,-43.41932,6.2670264,25.647188,-221.06,1106.21,-322.98
181119670.8,-78.34621,-27.57348,28.444498,-62.09,1135.1901,-63.84
181119690.0,-43.089096,32.672768,-69.41587,-285.88,-288.89,-221.9
181119709.2,-78.34621,31.914215,78.082985,44.03,227.22,-219.66
181119728.5,-78.34621,-26.728783,15.443829,227.01,888.09,-62.65
181119747.8,-78.34621,14.261732,27.396404,323.96,752.36,-114.03
181119768.0,-78.34621,23.553394,39.837135,211.75,484.26,-235.55
181119787.5,-78.34381,21.136557,44.615772,208.46,353.78,-307.72
181119807.0,-65.93179,43.318813,45.324074,258.51,262.85,-353.22
181119826.5,-44.99864,45.62558,54.52959,65.66,111.58,-299.32
181119845.0,-15.558688,37.59498,56.53724,-40.39,-52.71,-125.37
181119864.2,13.799901,33.96015,47.853374,-99.96,-272.58,25.69
181119883.5,70.17203,31.543314,40.9953,3.78,-492.38,202.3
181119902.8,-41.06948,22.11765,40.184105,62.65,-764.4,367.64
181119922.0,-46.99193,-9.169623,22.000397,87.29,-935.55,332.57
181119941.2,-71.612564,-14.125337,25.790764,278.04,-876.26,312.76
181119960.5,-67.92748,-2.7709875,14.7451,337.96,-826.0,260.54
181119979.8,-56.113693,-0.80641,-1.5793194,340.13,-786.1,269.85
181120000.0,-52.773193,-13.20646,-13.364391,297.29,-717.57,385.98
181120019.5,-53.13213,-41.344666,-34.201836,329.91,-667.59,532.77
181120039.0,-40.430576,-36.8795,-41.203484,422.73,-413.98,525.98
181120058.5,-78.34621,-35.02739,-36.963253,173.6,-205.03,261.66
181120078.0,-78.34621,-48.288887,-56.83396,-56.56,-187.04,210.77
181120097.5,-67.35319,-59.99978,-62.00982,20.58,81.69,71.89
181120117.0,-49.746166,-34.211407,-54.18501,241.08,192.92,-85.75
181120136.5,-48.008915,-30.5024,-24.072655,88.9,291.55,-202.16
181120156.0,-20.734549,-28.990082,-5.051429,-89.67,368.76,-291.27
181120175.5,78.26963,-77.030106,-78.36774,-447.86002,-149.73,-519.12
181120195.0,39.164726,-78.40124,-38.906292,-645.05,-201.46,-257.67
181120214.5,-7.083008,16.1282,16.707285,21.56,241.43001,0.21000001
181120233.0,-9.315591,14.022442,11.677391,129.43001,554.89,5.18
181120252.2,12.371335,9.84921,12.153581,-102.48,927.85,-193.34
181120271.5,-78.34621,-0.98827106,18.66947,-125.23,1241.45,-305.76
181120290.8,-78.34621,-3.1179593,10.095679,-4.2,552.02,-209.44
181120310.0,-49.07376,-71.13398,-69.31537,-723.94,1049.16,-97.93
181120329.2,-51.370953,-37.015896,-23.122671,-780.85,673.4,-113.89
181120348.5,-78.34621,-13.22321,25.953482,93.38,651.84,-117.67
181120367.8,-78.34621,27.81277,33.37389,417.83,549.08,-252.35
181120388.0,-78.34621,28.126242,37.16665,261.17,337.75,-360.15
181120407.5,-68.305565,31.741926,42.1774,203.56,232.75,-357.63
181120427.0,-47.33651,49.894527,43.45282,119.49,162.54,-309.26
181120446.5,-30.361217,38.705288,53.97683,-21.28,66.43,-191.73
181120465.0,-11.210774,36.29563,55.403,-41.72,-100.8,-10.57
181120484.2,28.664646,25.996553,40.947445,-73.99,-370.23,121.45
181120503.5,25.656761,11.131808,41.18195,26.25,-517.44,327.46
181120522.8,-44.21137,5.2500405,29.494986,39.48,-795.27,401.31
181120543.0,-52.66312,-12.66327,25.73812,161.21,-881.23,362.67
181120562.5,-70.40175,-4.891104,25.431828,368.41,-802.69,367.71
181120582.0,-61.62456,3.4960387,12.842738,403.62,-762.23,333.27
181120601.5,-57.16179,-2.005257,-4.993999,271.53,-732.62,356.09
181120621.0,-51.885426,-23.263853,-16.400991,206.99,-703.5,448.49
181120640.5,-57.953842,-46.312344,-27.4658,348.04,-599.62,553.21
181120660.0,-70.30364,-35.364788,-26.403347,371.98,-334.81,424.27
181120679.5,-78.34621,-28.695753,-43.71843,171.5,-258.65,279.23
181120698.0,-51.02398,-43.720825,-78.36774,-165.62,-157.78,177.59
181120717.2,-72.569725,-64.80473,-52.2994,137.97,162.68001,68.25
181120736.5,-42.464546,-24.431591,-47.75048,171.01,313.46,-100.66
181120755.8,-37.975452,-26.812534,-17.236116,-56.0,327.32,-229.18001
181120776.0,-78.34621,78.36774,78.40124,-482.86002,553.42,-459.13
181120795.5,-78.34621,-78.40124,78.40124,84.49,1604.68,-323.96
181120815.0,-27.96831,29.72949,44.089333,383.32,707.84,-44.03
181120834.5,11.237097,-8.071279,24.103764,79.45,361.83,20.09
181120853.0,8.724543,24.285624,23.488787,2.31,664.37,-68.88
181120872.2,-2.2206187,13.381142,18.34164,-129.57,1059.59,-287.42
181120891.5,-78.34621,-4.381415,-7.1739383,-144.76,1200.99,-228.27
181120910.8,-34.161156,9.428058,-33.929043,-164.01,314.37,-198.03
181120931.0,-78.34621,-60.767902,38.30328,-103.53,1193.57,14.49
181120950.5,-56.032337,-50.59565,-5.0897155,-165.62,977.06,15.33
181120970.0,-78.34621,1.9813279,20.461758,258.72,683.34,-51.87
181120989.5,-78.34621,27.279152,27.530407,391.65,494.06,-187.46
181121008.0,-73.14402,19.98796,35.211643,291.55,317.73,-316.82
181121027.2,-67.6164,29.980745,37.798378,312.27,242.34,-368.06
181121046.5,-50.77751,49.48534,40.918728,200.62,160.23,-382.13
181121065.8,-32.32101,42.383186,51.224983,23.45,63.35,-263.83
181121085.0,-11.804215,37.401154,51.143623,-57.61,-76.93,-57.47
181121104.2,18.695791,25.362432,42.175007,-114.24,-321.09,93.87
181121123.5,30.533506,23.807043,40.08121,3.43,-482.79,287.21
181121142.8,-47.8127,6.5852833,30.002281,0.56,-791.77,362.18
181121163.0,-51.68203,-8.633613,22.713484,102.48,-913.08,288.05
181121182.5,-70.12896,-5.6879425,20.124357,323.12,-849.17,271.11002
181121202.0,-53.713608,-0.80162424,9.28209,358.54,-783.3,255.5
181121221.5,-55.455647,-1.7396442,-0.4402951,285.6,-734.23,299.18
181121241.0,-45.723686,-13.436179,-10.7298,291.83,-693.77,386.61002
181121260.5,-46.692814,-34.125263,-24.465092,362.46,-605.57,461.58002
181121280.0,-59.009113,-33.139385,-23.361961,434.98,-308.42,427.07
181121299.5,-78.34621,-42.182182,-29.789312,176.61,-303.17,360.36002
181121319.0,-55.833725,-66.47738,-78.36774,-55.58,-176.61,271.11002
181121338.5,-62.81384,-72.074394,-65.21632,28.84,-0.42000002,71.75
181121358.0,-48.370243,-34.99389,-52.05532,158.27,251.09,-91.7
181121377.5,-37.944344,-32.17265,-21.404562,-29.54,309.26,-214.55
181121396.0,-78.34621,78.36774,78.40124,-599.13,585.41,-457.87
181121415.2,-78.34621,-78.40124,78.40124,158.83,1299.13,-65.03
181121434.5,-11.115058,45.199642,49.41355,564.83,644.84,23.1
181121453.8,7.7003784,-14.943711,20.693869,53.55,310.24,0.98
181121473.0,-1.1509888,19.047548,17.46105,-14.91,513.66,-69.090004
181121492.2,10.916447,12.423979,21.17963,-131.74,854.56,-255.85
181121511.5,-78.34621,1.7085364,10.662799,-194.53,1125.46,-359.1
181121530.8,-78.34621,-11.416565,2.1512244,80.85,558.18,-87.29
181121551.0,-29.284409,-73.68243,-78.05666,-789.11,751.31,-86.590004
181121570.5,-40.198463,-15.518009,-16.429707,-694.47003,411.53,-168.91
181121590.0,-78.34621,2.000471,25.383968,164.78,583.8,-177.45
181121609.5,-78.34621,21.059984,25.18775,421.82,569.24,-256.62
181121628.0,-76.106445,28.064026,29.841957,188.93001,373.66,-364.35
181121647.2,-69.765236,21.806572,38.008953,86.73,290.36002,-378.49
181121666.5,-58.028023,34.33823,38.511463,100.94,248.22,-354.76
181121685.8,-44.108475,37.080505,48.011307,-3.3600001,152.18001,-299.88
181121706.0,-24.541666,32.35451,51.926105,-40.32,25.13,-139.16
181121725.5,-7.70995,36.489456,46.810066,-79.24,-183.61,20.09
181121745.0,33.584465,18.31771,35.130283,-125.79,-439.88,136.85
181121764.5,-6.6857853,1.3352427,46.609062,26.11,-529.06,320.67
181121784.0,-46.609062,0.107680865,16.996826,100.94,-817.95,376.67
181121803.5,-56.396057,-15.317005,18.219603,208.95,-856.87,335.44
181121823.0,-63.555637,-7.7219143,11.014556,370.93,-783.51,319.97
181121842.5,-52.67987,8.703007,0.61497736,412.37,-715.26,339.43
181121861.0,-53.900253,7.702771,-12.7589855,135.8,-691.25,423.71
181121880.2,-46.879463,-30.753654,-22.943203,149.03,-668.71,550.83
181121899.5,-58.6765,-40.96898,-40.265465,368.27,-517.44,709.31
181121918.8,-78.34621,-15.508437,-36.865143,270.62,-241.36,470.12
181121939.0,-78.34621,-65.94137,-45.316895,-1.82,-220.01,274.19
181121958.5,-78.319885,-54.170654,-64.883705,77.14,-18.41,82.6
181121978.0,-46.65692,-40.315716,-63.17038,343.98,122.36,-73.43
181121997.5,-46.788532,-27.71466,-23.819008,91.77,227.71,-184.66
181122016.0,-78.34621,-9.169623,-76.46298,0.21000001,416.08,-164.08
181122035.2,78.26963,-78.40124,-48.03763,-239.68001,442.82,-923.02
181122054.5,-23.783113,-45.19007,-35.75244,50.26,261.03,-356.58
181122073.8,-13.89801,39.6122,3.8142955,171.57,255.36,-46.27
181122094.0,-4.6422415,1.4261732,5.7693014,0.21000001,418.88,-66.5
181122113.5,8.408679,8.693435,14.532131,-178.29,731.01,-190.19
181122133.0,-58.145275,3.6922572,27.12122,-243.67,1064.14,-366.94
181122152.5,-78.34621,-11.579282,35.898407,-141.12,1005.27,-161.42
181122171.0,-15.580225,60.91626,-78.36774,-352.03,-224.56,-244.86
181122190.2,-78.34621,41.057518,70.437645,321.51,260.19,-149.24
181122209.5,-78.34621,4.4292727,26.113806,405.44,708.82,-113.19
181122228.8,-78.34621,16.84368,36.719173,292.88,582.05,-205.03
181122249.0,-74.1634,23.349997,48.142918,194.04,389.27,-315.84
181122268.5,-58.942112,24.355019,50.39225,198.17,242.06,-349.51
181122288.0,-41.57678,35.54665,47.64519,185.43001,129.85,-348.95
181122307.5,-26.257381,35.180534,50.35875,91.42,42.07,-273.21
181122327.0,-14.209088,36.64978,49.124012,-9.7300005,-69.23,-106.19
181122346.5,-1.6247846,31.449991,36.18077,-106.4,-255.01,49.49
181122366.0,25.23561,30.83262,34.132442,-17.99,-441.35,201.25
181122385.5,-49.064186,13.261497,34.17312,86.31,-666.12,396.83
181122404.0,-54.651627,-1.6152129,14.9819975,67.13,-819.7,406.42
181122423.2,-61.684383,-6.544604,16.496708,190.19,-801.5,374.92
181122442.5,-54.742558,5.1423593,7.8822393,303.24,-713.16,384.3
181122461.8,-50.52865,2.6944146,2.4048727,246.4,-643.65,383.11002
181122482.0,-56.13284,-7.4850163,-10.282326,234.29001,-630.63,409.29
181122501.5,-58.418064,-31.58878,-29.837172,211.4,-642.74,442.89
181122521.0,-78.34621,-37.417904,-33.41457,444.22,-312.48,385.28
181122540.5,-78.34621,-53.000523,-67.24551,192.64,-350.84,364.07
181122559.0,-62.34722,-66.8746,-77.4034,177.31,27.65,215.25
181122578.2,-36.111378,-78.17631,-66.19263,288.4,164.22,-17.57
181122597.5,-42.92638,-39.9161,-43.019703,32.06,211.05,-210.28
181122616.8,-21.866394,-28.925472,-13.342855,-115.85,324.52,-275.31
181122636.0,78.26963,-78.40124,-78.36774,-1072.33,-1631.07,-242.48
181122655.2,33.15374,33.88358,2.4551237,-1369.2,-1643.46,-355.39
181122674.5,-38.31046,57.41783,-8.107173,-26.11,-492.66,-47.95
181122693.8,-6.611605,16.747963,4.2115183,188.86,145.18001,24.01
181122714.0,-2.2230117,13.924333,9.284483,-0.7,458.01,-73.22
181122733.5,15.168644,10.768086,10.27754,-201.81,786.31,-264.11002
181122753.0,-42.792374,-1.3783151,22.165508,-297.15,1122.87,-384.86002
181122772.5,-78.34621,-18.064064,52.907196,-337.82,990.22003,-167.37
181122791.0,-37.451405,-2.94567,-21.737177,-565.88,0.91,-139.65
181122810.2,-56.6521,13.570182,2.1536174,-154.56,-173.39,-224.49
181122829.5,-78.34621,31.684496,66.704704,166.88,232.96,-398.72
181122848.8,-67.30533,53.876328,78.40124,163.17,201.74,-395.22
181122869.0,-35.412647,37.08768,75.64461,156.87,32.76,-313.18
181122888.5,-25.46772,59.698273,71.34216,186.9,-193.76,-203.0
181122908.0,15.075321,24.637383,38.501892,76.79,-460.95,-17.36
181122927.5,7.8463454,0.7657306,22.749376,409.08,-534.94,229.53
181122947.0,-18.726898,4.2067323,33.419353,509.88,-563.43,378.63
181122966.5,-35.393505,-1.9238981,41.43799,529.76,-602.56,500.29
181122986.0,-41.806496,-11.990863,41.02641,485.59,-598.08,583.66
181123005.5,-48.513817,-31.024054,31.107805,443.52,-560.98,623.63
181123024.0,-72.39265,-71.97389,12.132044,443.1,-573.3,519.47003
181123043.2,-60.03567,-78.40124,-15.489294,554.68,-467.11002,241.78
181123062.5,-78.34621,-78.40124,-62.170147,497.14,-424.62,40.88
181123081.8,-78.34621,-78.40124,-56.230946,383.25,-40.11,-49.28
181123102.0,-38.33439,-75.18517,-36.999146,117.74,182.98,-119.63
181123121.5,-7.238547,-26.731176,-5.4582233,-211.47,194.25,-100.590004
181123141.0,14.386164,-78.40124,28.853685,-1779.54,-586.67,-421.12
181123160.5,-78.34621,78.36774,0.84230363,636.79,160.37,-258.86002
181123179.0,-45.43654,45.60883,15.317005,279.65,22.47,-141.12
181123198.2,-1.6511066,-16.453636,13.0006695,-41.37,21.07,-51.94
181123217.5,-4.2785196,-4.0176926,14.359841,57.12,108.85,25.55
181123236.8,-4.8576035,4.6446347,11.265811,5.67,178.85,-33.74
181123257.0,0.49054617,7.9253116,15.5347595,86.1,363.16,-82.88
181123276.5,-3.5558615,30.145857,12.328262,64.82,602.42,-180.39
181123296.0,-78.34621,4.4412374,35.690224,-283.64,768.39,-367.5
181123315.5,-68.796104,-24.077442,78.40124,140.21,126.42,-259.77
181123334.0,-44.40998,23.89558,1.6606783,819.28,-276.01,-314.02
181123353.2,-37.504047,-5.9296265,-12.222975,793.94,-96.74,-518.35
181123372.5,-44.036686,27.575872,-22.526836,690.48,-141.75,-557.9
181123391.8,-22.577087,22.187044,-20.624475,504.56,-204.68001,-518.98
181123412.0,-11.162916,23.321281,-11.51228,452.97,-78.75,-339.57
181123431.5,-15.010713,20.84941,-2.450338,454.44,4.69,-163.31
181123451.0,0.3254355,7.5209103,5.6137624,379.75,-11.97,-68.25
181123470.5,5.55394,-1.4453164,14.089443,387.24,18.48,36.26
181123490.0,0.37090075,4.766673,18.676647,180.74,-50.47,56.14
181123509.5,21.32799,-32.06497,9.765458,-1.54,-198.94,12.67
181123529.0,45.742832,-23.03892,-19.17916,15.75,-274.75,-121.73
181123548.5,43.64425,-4.9581056,-35.33368,14.21,-187.95,-238.21
181123567.0,54.754524,2.7279153,-24.934103,-106.96,24.710001,-320.88
181123586.2,32.048218,-1.6080343,1.8784329,-12.25,270.62,-125.23
181123605.5,15.766871,4.331164,29.908958,6.65,304.5,6.16
181123624.8,26.013304,-17.530445,37.286293,12.6,118.020004,38.64
181123645.0,23.570145,-13.170567,26.968075,80.99,-60.9,19.74
181123664.5,2.0267932,-6.8102164,4.613527,2.45,-203.56,-5.81
181123684.0,1.536247,6.7097144,-48.214706,-155.96,-208.11,22.33
181123703.5,-46.922535,23.661076,-40.626793,-342.58,34.79,99.47
181123722.0,-46.86032,11.648677,-26.046804,-324.52,122.15,126.49
181123741.2,-26.293274,25.884087,-20.512009,-79.45,203.49,128.52
181123760.5,-14.623061,8.595325,5.412758,-17.15,252.84,153.37
181123779.8,-5.3218274,0.7226582,31.351881,102.340004,259.14,101.15
181123799.0,7.1476164,9.932961,29.4902,144.27,162.82,20.44
181123818.2,5.6400843,33.840508,21.148521,120.26,121.17,67.2
181123837.5,-4.2115183,37.245613,11.765929,-159.6,156.66,217.56
181123856.8,-49.837097,73.68003,-78.36774,669.2,-1677.9,253.4
181123877.0,78.26963,-18.786722,-54.804775,-253.61,-2240.49,581.14
181123896.5,78.26963,-43.584427,-19.473486,-1132.11,-878.08,-148.33
181123916.0,9.880318,-78.40124,49.162296,-1041.39,241.29001,-107.66
181123935.5,-22.658447,-5.329006,-7.5568037,-227.22,177.8,-41.65
181123955.0,-9.564454,-6.7767158,6.1545596,79.8,-60.34,22.47
181123974.5,3.8190813,12.526874,16.063593,95.97,-62.02,42.35
181123994.0,-2.6633067,-0.49533197,11.811395,36.89,54.74,21.84
181124013.5,-12.043507,-3.1442811,3.4721096,45.5,86.1,68.11
181124033.0,-10.203361,4.371843,4.2521977,68.6,44.45,101.08
181124052.5,-6.2981343,5.278755,7.6166263,40.25,19.53,80.43
181124072.0,-6.197632,2.9193478,7.853524,14.63,24.29,49.49
181124091.5,-6.350778,1.6511066,7.7960944,15.47,43.4,39.83
181124110.0,-6.65707,1.1031306,7.305548,22.89,61.6,45.29
181124129.2,-6.5733185,0.5695121,6.97772,35.84,80.15,62.93
181124148.5,-6.1282377,2.0244002,5.826731,57.89,89.04,77.7
181124167.8,-6.331635,3.1658175,6.594855,59.71,106.47,74.83
181124187.0,-6.3292418,4.2474117,4.941355,68.6,112.28,62.23
181124206.2,-7.896597,6.322063,3.1155663,50.96,105.56,40.32
181124225.5,-7.5831256,5.4534373,3.4433947,37.94,87.43,14.49
181124244.8,-7.977956,5.8721967,2.8427749,34.51,62.44,-9.94
181124265.0,-7.025578,6.767144,1.225169,16.87,50.61,-26.81
181124284.5,-8.659934,4.36945,2.1536174,7.35,31.57,-34.79
181124304.0,-9.662563,2.2110472,4.656599,-3.22,17.57,-31.15
181124323.5,-9.128944,3.01985,3.6802926,-5.18,12.6,-22.75
181124342.0,-8.461323,2.2254045,4.008121,4.55,7.0,-9.94
181124361.2,-8.552254,1.0098072,5.2261114,18.48,24.22,12.25
181124380.5,-6.8365383,2.1201165,5.946377,34.79,59.010002,42.49
181124399.8,-9.535739,0.13639577,7.4898024,75.32,98.21,84.14
181124420.0,-6.664249,-0.8183746,9.4137,153.16,144.62,133.28
181124439.5,-6.5230675,-0.21536173,13.019813,265.44,214.06,160.86
181124459.0,-9.327556,6.2813835,13.481645,396.41,304.22,130.06
181124478.5,-27.12122,-9.258162,19.4017,548.87,347.41,94.78
181124498.0,-20.193752,3.7161863,4.505846,793.45,274.68,50.75
181124517.5,-16.319633,33.531822,1.6199988,611.8,62.510002,-103.11
181124537.0,-40.303753,12.526874,36.302807,114.66,-440.86002,-257.11002
181124556.5,-13.665898,-2.502982,20.543116,216.44,-473.2,-249.9
181124575.0,-1.2371335,13.56061,4.8336744,275.73,-399.77,-260.12
181124594.2,-2.833203,4.249805,10.098072,84.63,-373.59,-276.71
181124613.5,-4.493881,-0.8279462,11.847288,104.65,-366.87,-197.47
181124632.8,-5.2955055,6.2239537,8.786758,168.56,-362.11002,-97.02
