timestamp,x,y,z
93763493.0,-4.905462,-0.8446966,8.820259
93763512.8,-5.211754,-0.49293905,8.59054
93763532.5,-5.1519313,0.37329367,8.257926
93763552.2,-4.8456388,-0.2919348,8.286641
93763572.0,-4.7283864,-0.60540575,8.286641
93763591.8,-4.419701,-0.28475606,8.114351
93763611.5,-4.419701,-1.1007377,8.444572
93763631.2,-4.8288884,-1.0552725,8.707792
93763651.0,-4.4843097,0.2656128,7.4371586
93763670.8,-4.1851964,0.60540575,7.205046
93763690.5,-4.1493025,0.48815325,6.8963614
93763710.2,-4.608741,-0.5910483,8.518753
93763730.0,-4.757101,-0.47618872,8.5043955
93763749.8,-4.63267,0.055036888,7.6573057
93763769.5,-5.1423593,-0.055036888,8.334499
93763789.2,-4.9772487,-0.15793194,8.770008
93763809.0,-4.2904844,0.08135887,7.379729
93763828.8,-4.1253734,-0.72983694,7.961205
93763848.5,-5.1638956,-0.9093051,9.071514
93763868.2,-5.3696856,-1.0911661,9.160052
93763888.0,-5.106466,-0.66044265,8.408679
93763907.8,-5.5084743,-0.9786994,9.105016
93763927.5,-5.2763624,-1.3519931,9.607526
93763947.2,-5.5060816,-1.2945633,9.681706
93763967.0,-5.6616206,-0.47618872,9.382592
93763986.8,-5.55394,-0.22971918,8.760436
93764006.5,-5.4007936,-0.05025107,8.566611
93764026.2,-5.709479,-0.72983694,9.566847
93764046.0,-6.2622404,-0.6843717,10.102858
93764065.8,-5.7429795,-0.16750357,9.136123
93764085.5,-5.7812657,-0.49533197,9.01887
93764105.2,-5.8985186,-0.39961565,9.203125
93764125.0,-5.4558306,-0.18425392,8.882475
93764144.8,-5.5826545,-0.93562704,9.373021
93764164.5,-5.4271154,-1.4907818,9.7176
93764184.2,-5.34815,-0.8255533,9.241411
93764205.0,-5.106466,-0.2943277,8.712579
93764225.0,-5.4055796,-0.028714897,8.662328
93764245.0,-5.577869,-0.6389065,9.33952
93764265.0,-5.262005,-0.22732627,8.884868
93764284.0,-4.513025,-0.021536173,8.023421
93764303.8,-5.1638956,-0.5312256,8.528324
93764323.5,-4.824103,-0.09093051,8.461323
93764343.2,-4.560883,0.37329367,7.7745585
93764363.0,-4.2569833,-0.18903974,7.7960944
93764382.8,-4.4101295,-0.2967206,8.231604
93764402.5,-4.469952,-0.60301286,8.260319
93764422.2,-4.5991693,0.15075321,7.5328746
93764442.0,-4.730779,0.18425392,7.9444547
93764461.8,-4.7236004,-0.46422416,8.636005
93764481.5,-4.5393467,-0.885376,8.166995
93764501.2,-4.7331724,-0.45704544,8.267497
93764521.0,-4.424487,-0.703515,8.420644
93764540.8,-4.3168063,-0.15314612,7.604662
93764560.5,-4.50106,-0.17228939,7.8272023
93764580.2,-4.824103,-0.09810923,8.418251
93764600.0,-4.477131,-0.650871,8.437394
93764619.8,-5.2141466,-0.67240715,8.580969
93764639.5,-5.2524333,-0.31107804,8.530717
93764659.2,-5.204575,0.677193,7.9013824
93764679.0,-5.0657864,-0.5049036,8.5642185
93764698.8,-5.053822,-0.5599405,8.884868
93764718.5,-5.0968943,-0.4737958,8.729329
93764738.2,-5.0657864,-0.6843717,8.834617
93764758.0,-5.675978,-0.81358874,9.176803
93764777.8,-5.7860518,-0.96194905,9.483095
93764797.5,-5.3960075,-0.24886245,9.205518
93764817.2,-5.592226,-0.9188767,9.557275
93764837.0,-5.932019,-1.6008555,9.935354
93764856.8,-5.7645154,-0.031107806,9.109801
93764876.5,-5.2763624,0.2680057,8.6048975
93764896.2,-6.101916,-0.035893623,8.851367
93764916.0,-5.860232,-0.12682413,9.45438
93764935.8,-5.3649,-0.37568656,9.255769
93764955.5,-5.185432,-0.35415038,8.667113
93764975.2,-5.9487696,0.05025107,9.260554
93764995.0,-5.386436,0.03828653,8.992549
93765014.8,-5.266791,0.17946811,8.77958
93765034.5,-5.1758604,-0.52165395,8.533111
93765054.2,-5.317042,-0.78008807,9.523774
93765074.0,-4.869568,-1.0337363,8.973405
93765093.8,-5.410365,-0.46661708,8.858545
93765113.5,-4.6781354,0.46183127,7.650127
93765133.2,-4.5154176,-0.11485959,8.298605
93765153.0,-4.8791394,-1.1366314,8.961441
93765172.8,-4.6398487,-0.5814767,8.269891
93765192.5,-4.70685,0.011964541,8.372786
93765212.2,-4.6207056,-0.3804724,8.076065
93765232.0,-4.7834234,0.2680057,7.3581924
93765251.8,-4.2785196,0.6939433,7.5711613
93765271.5,-4.1014442,-0.09571633,7.707557
93765291.2,-4.4412374,-0.677193,7.961205
93765311.0,-4.292877,-0.31347096,7.5903044
93765330.8,-4.1110163,0.55754757,7.2457256
93765350.5,-4.843246,-0.7489802,8.569004
93765370.2,-5.056215,-0.7489802,8.463716
93765390.0,-4.9892135,-0.13160995,8.485252
93765409.8,-4.6589923,-0.5814767,8.437394
93765429.5,-5.305077,-1.2945633,9.19116
93765449.2,-4.91264,-0.45465255,8.913583
93765469.0,-4.8528175,0.067001425,7.9994917
93765488.8,-5.123216,0.14118157,8.260319
93765508.5,-5.2763624,-0.87580436,9.073908
93765528.2,-5.0346785,-0.40679437,8.750865
93765548.0,-5.0442505,0.10050214,8.088029
93765567.8,-5.4271154,-0.5336185,9.054764
93765587.5,-5.778873,-0.8040171,9.703242
93765607.2,-5.704693,-0.6293348,9.588383
93765627.0,-6.0277357,-0.6389065,9.497452
93765646.8,-5.723836,-0.7106937,9.516596
93765666.5,-17.044683,50.07639,16.889145
93765686.2,-12.60584,12.292369,-11.323241
93765706.0,-3.438609,2.5436614,11.663034
93765725.8,-6.2359185,2.7398798,7.7219143
93765745.5,-6.058843,-1.4285661,10.272755
93765765.2,-4.685314,-6.396243,11.734821
93765785.0,-9.5907755,2.9121692,9.2485895
93765804.8,-5.1088586,-0.1459674,8.784366
93765824.5,-5.0442505,-0.30868515,8.291427
93765844.2,-4.663778,0.31107804,7.908561
93765864.0,-4.663778,0.22254045,8.444572
93765883.8,-4.57524,-0.34218585,8.542682
93765903.5,-5.099287,0.44747382,8.324927
93765923.2,-4.656599,0.3613291,8.073672
93765943.0,-4.8552103,-0.19143265,8.530717
93765962.8,-4.635063,-0.68915755,8.612076
93765982.5,-4.331164,-0.026321989,8.181353
93766002.2,-4.3598785,0.15075321,7.817631
93766022.0,-4.6542063,-0.40440148,8.528324
93766041.8,-4.991606,-1.14381,9.337128
93766061.5,-4.3526998,-0.25364825,7.9253116
93766081.2,-4.8217096,0.20339718,7.98992
93766101.0,-5.111252,-0.30150643,8.774794
93766120.8,-4.78103,-0.5264398,9.038013
93766140.5,-3.8669395,-0.27757734,7.4778376
93766160.2,-5.068179,-0.0071787243,8.360821
93766180.0,-5.211754,-0.15553902,8.432608
93766199.8,-4.70685,-0.598227,8.45893
93766219.5,-4.9102473,0.16989647,8.0617075
93766239.2,-5.3074703,-0.208183,8.528324
93766259.0,-4.682921,-0.6006199,8.262712
93766278.8,-5.3696856,-0.40200856,8.023421
93766298.5,-5.1638956,-0.5360114,8.525931
93766318.2,-5.209361,-0.7513731,8.5043955
93766338.0,-5.6137624,-0.8446966,8.884868
93766357.8,-5.8698034,-0.26082698,8.523539
93766377.5,-6.271812,-0.9667349,9.552489
93766397.2,-5.747765,-0.6293348,8.17896
93766417.0,-6.642713,-1.1653463,9.52856
93766436.8,-6.458459,-0.442688,8.767615
93766456.5,-6.0253425,-0.59583414,8.659934
93766476.2,-6.1593456,-0.82076746,8.915976
93766496.0,-6.250276,-0.49533197,9.28209
93766515.8,-5.726229,0.33022133,8.238783
93766535.5,-5.783659,0.4977249,8.133494
93766555.2,-6.9657555,0.77530223,8.954262
93766575.0,-7.7625937,0.54558307,8.770008
93766594.8,-7.554411,0.46901,8.028207
93766614.5,-9.332341,0.8255533,7.5017667
93766634.2,-9.894675,-0.3517575,8.188532
93766654.0,-10.124394,2.500589,7.547232
93766673.8,-9.02605,2.524518,6.5206747
93766693.5,-8.418251,10.842267,15.0322485
93766713.2,-6.164131,13.421822,10.296683
93766733.0,-0.75615895,4.8001738,11.112665
93766752.8,0.11246668,-0.37568656,12.431157
93766772.5,-1.2754201,-0.11485959,12.699163
93766792.2,-4.474738,2.031579,12.074615
93766812.0,-9.131337,0.82076746,11.318456
93766831.8,-14.256947,-2.730308,8.901618
93766851.5,-17.846308,-5.9870563,4.773852
93766871.2,-17.516087,-10.500081,-2.5939124
93766891.0,-15.855409,-14.453165,-10.84466
93766910.8,-23.897974,-14.405307,-9.669742
93766930.5,-21.237059,-16.02052,-11.155738
93766950.2,-19.784565,-13.366785,-8.942298
93766970.0,-17.465836,-13.682649,-3.1825678
93766989.8,-78.39167,-33.9434,25.8123
93767009.5,11.150951,-27.662018,39.951992
93767029.2,-10.902089,-15.388792,13.065278
93767049.0,-4.5537043,-3.7903664,12.8594885
93767068.8,-7.422801,-0.19621846,8.040172
93767088.5,-5.206968,0.7872668,13.462501
93767108.2,-1.8329676,10.480937,12.175117
93767128.0,-2.8547394,9.440022,14.326341
93767147.8,-26.70964,2.7805593,13.984155
93767167.5,-37.994595,-6.2670264,21.97886
93767187.2,-56.73346,-3.3931437,10.447436
93767207.0,-63.31874,19.437592,78.39167
93767226.8,-20.552687,-13.0916,44.79524
93767246.5,-31.507421,12.230153,54.86938
93767266.2,-17.183474,33.27578,41.77539
93767286.0,-6.219168,25.948696,37.33894
93767305.8,6.7097144,9.162445,24.065477
93767325.5,2.68245,5.673585,18.700577
93767345.2,-11.253847,3.493646,19.389734
93767365.0,-26.479921,0.11246668,21.119806
93767384.8,-31.42367,-15.783622,4.063158
93767404.5,-46.13048,-45.94144,-0.37568656
93767424.2,-59.4183,-48.561676,-13.369178
93767444.0,-73.10334,-52.48126,-28.164528
93767463.8,-56.826782,-42.54112,-35.00585
93767483.5,-31.050375,-34.2808,-30.136284
93767503.2,-21.292097,17.489765,-3.7161863
93767523.0,70.44721,-78.40124,78.40124
93767542.8,-8.269891,-9.219875,16.616354
93767562.5,-7.7171288,-9.947319,14.443593
93767582.2,-10.155502,-2.4359803,7.6716633
93767602.0,-2.8236315,-7.159581,10.736979
93767621.8,0.27039862,7.6764493,14.443593
93767641.5,-12.962383,25.43422,24.366983
93767661.2,-53.97922,1.8329676,35.584938
93767681.0,-73.93607,7.4012647,-39.86824
93767700.8,-40.53108,-14.792958,38.183636
93767720.5,-42.093647,21.0887,56.757385
93767740.2,-12.94324,38.494713,56.226162
93767760.0,0.9284483,37.585407,48.71243
93767779.8,12.995884,35.132675,42.749302
93767799.5,23.706541,33.40739,34.819206
93767819.2,26.156878,27.049433,29.602667
93767839.0,15.745336,18.951832,31.076698
93767858.8,0.14357449,12.986312,27.238472
93767878.5,-10.734586,-2.782952,25.520365
93767898.2,-14.041585,-5.783659,12.763772
93767918.0,-33.12742,9.779816,12.230153
93767937.8,-62.871265,-9.621883,19.07387
93767957.5,-76.30266,-21.390205,-12.711128
93767977.2,-78.39167,-41.493027,-30.928337
93767997.0,-61.660458,-50.846905,-55.036884
93768016.8,-34.34541,-31.552887,-40.66508
93768036.5,-78.39167,78.36774,44.938812
93768056.2,37.81752,-78.40124,78.40124
93768076.0,-20.724977,15.663977,-3.3333209
93768095.8,-0.5695121,-20.239216,20.981018
93768115.5,-5.546761,3.8669395,9.727171
93768135.2,-4.613527,-0.39482984,11.076772
93768155.0,-6.0277357,1.9980782,12.187081
93768174.8,1.2610626,1.1390243,14.831244
93768194.5,-25.544294,-8.621648,25.982197
93768214.2,-48.43964,-4.0679436,-2.371372
93768234.0,-78.39167,-17.532837,-21.464386
93768253.8,-42.86177,22.423943,12.629769
93768273.5,-48.516212,35.963017,39.913708
93768293.2,-26.769463,25.417469,45.508327
93768313.0,-16.271774,25.728548,49.22212
93768332.8,-6.9226832,36.326736,50.370716
93768352.5,9.593168,39.985493,44.82874
93768372.2,25.202108,27.685947,44.02951
93768392.0,29.150406,17.073399,41.356632
93768411.8,13.539074,15.216502,35.881657
93768431.5,-5.549154,11.66782,28.236315
93768451.2,-19.12412,8.588147,24.977175
93768471.0,-30.957052,8.913583,24.757027
93768490.8,-43.3571,11.68457,30.399504
93768510.5,-53.82129,5.2476473,23.34282
93768530.2,-57.980164,-14.221053,11.899932
93768550.0,-78.39167,-23.59168,8.810688
93768569.8,-76.17105,-47.14986,-30.98816
93768589.5,-51.14123,-25.336111,-36.343487
93768609.2,-23.285389,-74.13708,-77.54458
93768629.0,-78.39167,78.36774,-26.10902
93768648.8,41.301594,78.36774,-14.472308
93768668.5,4.5919905,19.389734,7.542446
93768688.2,-6.695357,-11.789858,14.831244
93768708.0,-0.4977249,-0.9547703,9.7917795
93768727.8,-7.9994917,3.3955367,9.009299
93768747.5,-8.329713,1.8688612,10.452223
93768767.2,-10.155502,-2.3282995,10.746551
93768788.0,-8.188532,-9.035621,18.253103
93768808.0,-56.336235,13.86451,-5.5515466
93768828.0,-50.270214,3.101209,-26.422491
93768848.0,-35.599293,17.068613,25.202108
93768867.0,-44.340588,30.870907,45.441326
93768886.8,-21.033663,23.067635,46.300377
93768906.5,-14.759458,28.03531,45.879227
93768926.2,-6.403422,33.031704,42.332935
93768946.0,6.8221807,30.8063,38.530605
93768965.8,14.457951,29.499771,40.447327
93768985.5,31.131735,22.979097,28.827364
93769005.2,22.110472,12.699163,32.988632
93769025.0,4.450809,18.154993,22.742199
93769044.8,-11.103093,9.593168,21.016912
93769064.5,-22.301903,3.5821834,20.112392
93769084.2,-30.720154,12.691984,19.535702
93769104.0,-43.440853,10.18661,20.284681
93769123.8,-50.533432,-4.6709566,19.870708
93769143.5,-69.27947,-15.96309,26.29806
93769163.2,-78.16195,-29.748634,4.773852
93769183.0,-60.50468,-38.958935,-30.430613
93769202.8,-56.080193,-23.285389,-27.662018
93769222.5,-19.44477,-36.08266,-37.798378
93769242.2,5.6999073,54.467373,-23.87883
93769262.0,78.315094,-78.40124,33.165707
93769281.8,0.026321989,-1.5147108,-5.2572193
93769301.5,4.1780176,-5.1375737,9.9425335
93769321.2,-3.5558615,-0.68915755,13.158602
93769341.0,-5.946377,0.99305683,8.91119
93769360.8,-5.0346785,-0.28475606,8.408679
93769380.5,-6.9418263,-2.6968074,10.239254
93769400.2,3.172996,1.5649619,16.405777
93769420.0,-40.212822,-20.34929,27.652447
93769439.8,-46.03237,-14.328733,10.679549
93769459.5,-60.370678,-30.89723,41.07427
93769479.2,-39.667236,3.6874714,32.088898
93769499.0,-45.752403,6.5804973,54.88374
93769518.8,-27.059004,16.838894,44.5392
93769538.5,-18.34164,29.346624,42.988594
93769558.2,-6.7910733,29.858707,42.03143
93769578.0,7.2002606,32.553123,40.913944
93769597.8,22.007576,21.909466,37.62848
93769617.5,18.631182,9.4998455,33.83811
93769637.2,8.435001,14.307198,23.385891
93769657.0,-8.363214,3.2926416,21.416527
93769676.8,-16.546959,-2.2182257,17.305511
93769696.5,-24.323912,-0.6173703,18.387106
93769716.2,-35.54665,-1.4620669,24.814457
93769736.0,-44.223335,-4.824103,27.164293
93769755.8,-59.205334,-7.741058,23.869259
93769775.5,-68.65971,-28.547394,22.124828
93769795.2,-75.18517,-34.984318,-7.004042
93769815.0,-49.719845,-38.69811,-34.60145
93769834.8,-48.67175,-20.255966,-20.856586
93769854.5,-24.113335,-39.547592,-58.293633
93769874.2,-10.050214,12.256475,54.754524
93769894.0,-54.881348,-71.60777,62.481224
93769913.8,-12.565161,-27.453835,19.231802
93769933.5,-1.3998512,3.4697168,10.471366
93769953.2,-5.3816504,0.83033913,9.624276
93769973.0,-4.2306614,-1.0289505,14.498631
93769992.8,-6.7527866,2.6106627,13.153816
93770012.5,-1.7085364,-5.62812,9.564454
93770032.2,0.99066395,-1.2084186,10.464187
93770052.0,-44.01276,-8.083243,14.273697
93770071.8,-38.116634,-28.810614,-0.69155043
93770091.5,-78.39167,-30.186535,5.3242207
93770111.2,-46.87707,1.1820966,28.573715
93770131.0,-56.795673,16.594818,49.013935
93770150.8,-36.300415,21.552923,51.440346
93770170.5,-18.887224,22.24926,52.885662
93770190.2,-12.931275,27.1954,56.01319
93770210.0,3.3763933,42.792374,45.912727
93770229.8,20.062141,25.60651,37.018288
93770249.5,16.805393,11.596032,29.90178
93770269.2,0.2943277,12.074615,26.633066
93770289.0,-17.590267,-0.8710185,27.96831
93770308.8,-28.200422,-5.0897155,22.555552
93770328.5,-31.244202,-0.82076746,21.4596
93770348.2,-39.76056,-4.065551,25.948696
93770368.0,-56.69517,-9.303627,30.909193
93770387.8,-67.669044,-23.754398,29.885029
93770407.5,-77.953766,-23.206423,11.928647
93770427.2,-59.80595,-45.752403,-42.21329
93770447.0,-55.529823,-31.698854,-27.583052
93770466.8,-35.197285,-22.072184,-12.050685
93770486.5,26.862785,-3.381179,-23.795078
93770506.2,-27.563908,19.7726,11.19881
93770526.0,-75.45078,-78.40124,78.40124
93770545.8,-9.84921,-16.216738,15.55151
93770565.5,-2.2517266,3.5582542,12.2157955
93770585.2,-1.4166015,-4.027264,8.31057
93770605.0,-6.7719297,0.17228939,10.7298
93770624.8,-6.2670264,3.304606,8.571397
93770644.5,-3.7281508,-4.6757426,8.210068
93770664.2,-0.22254045,1.225169,9.779816
93770684.0,-19.19591,0.208183,12.725485
93770703.8,-40.356396,-14.127729,0.19382556
93770723.5,-35.690224,-10.157895,-9.181588
93770743.2,-41.71796,1.0361292,22.103292
93770763.0,-49.46859,11.150951,28.341604
93770782.8,-46.14245,7.011221,47.566227
93770802.5,-26.623495,14.185159,46.915356
93770822.2,-15.300254,22.577087,46.874676
93770842.0,-7.080615,28.992474,48.056774
93770861.8,11.809001,40.275036,38.13099
93770881.5,23.799864,20.540724,37.401154
93770901.2,16.611568,11.730036,31.45717
93770921.0,-1.4548881,14.57281,24.828814
93770940.8,-19.36102,5.7621226,23.84533
93770960.5,-25.888872,-0.83991075,20.765656
93770980.2,-30.241573,-4.6207056,24.936495
93771000.0,-43.821327,-0.028714897,30.416254
93771019.8,-56.00362,-5.9296265,26.24063
93771039.5,-65.24742,-14.68767,19.767815
93771059.2,-76.86021,-27.092505,11.306491
93771079.0,-62.545834,-42.584194,-34.8551
93771098.8,-57.913162,-31.68689,-25.702227
93771118.5,-42.998165,-48.166847,-23.929081
93771138.2,-10.918839,5.958341,20.442614
93771158.0,-69.339294,0.6795859,4.972463
93771177.8,0.30629224,62.524296,-45.312107
93771197.5,-4.6900997,-5.6687994,22.701519
93771217.2,-1.5745336,-1.2347406,6.0755935
93771237.0,-3.0748868,-3.433823,13.529502
93771256.8,-6.606819,1.093559,13.098779
93771276.5,-4.8528175,3.3979294,9.968855
93771296.2,-1.40703,-1.6176059,7.5328746
93771316.0,-16.939396,-5.9487696,19.454342
93771335.8,-54.328587,-2.627413,-3.5008245
93771355.5,-33.30689,-12.031542,-16.996826
93771375.2,-32.423904,3.3500714,24.230587
93771395.0,-54.017506,18.616825,36.841213
93771414.8,-38.585644,16.774286,45.345608
93771434.5,-27.70509,13.395499,44.01276
93771454.2,-21.684534,20.873337,47.695442
93771474.0,-7.65252,27.307867,44.199406
93771493.8,5.0825367,31.928574,43.46957
93771513.5,26.647425,24.283232,38.42532
93771533.2,26.12577,13.302176,37.5543
93771553.0,8.241176,15.092072,27.403584
93771572.8,-12.845131,11.966933,21.674961
93771592.5,-20.854195,3.8836899,19.865923
93771612.2,-27.40119,-2.8284173,23.067635
93771632.0,-40.085995,2.677664,24.572773
93771651.8,-48.487495,0.5838696,22.534016
93771671.5,-59.571445,-8.600112,19.09062
93771691.2,-66.86503,-24.271267,10.629298
93771711.0,-78.39167,-32.74216,1.4046371
93771730.8,-52.261112,-44.048653,-29.873064
93771750.5,-47.539906,-28.461248,-20.614902
93771770.2,1.9885067,-41.06948,-43.091488
93771790.0,-48.82011,78.36774,18.724506
93771809.8,-78.39167,-78.40124,78.40124
93771829.5,-11.280169,-16.266989,20.710619
93771849.2,-1.277813,-11.737214,17.918097
93771869.0,-1.4357449,-1.5434257,10.031071
93771888.8,-4.345521,-1.4907818,12.402443
93771908.5,-6.116273,4.1301594,7.473052
93771928.2,-0.9954498,-8.51636,11.660641
93771948.0,-4.7523155,-4.656599,12.093758
93771967.8,-56.939247,-2.782952,-1.1055236
93771987.5,-46.149624,-32.974274,20.062141
93772007.2,-61.059837,-8.717364,44.931637
93772027.0,-45.10632,9.595561,26.776642
93772046.8,-58.671715,20.370827,49.588234
93772066.5,-34.678024,16.601995,47.003895
93772086.2,-22.031506,17.011183,47.786373
93772106.0,-11.876003,21.416527,47.64998
93772125.8,1.3974583,28.504322,45.654293
93772145.5,21.775463,31.852,32.84745
93772165.2,29.566772,16.305275,32.818733
93772185.0,14.173195,21.842464,24.36459
93772204.8,-10.401972,17.547195,22.426334
93772224.5,-23.144207,7.453909,21.966896
93772244.2,-26.073126,-2.5484471,23.26146
93772264.0,-31.122162,-8.38475,29.782135
93772283.8,-43.72561,-5.7118716,30.212858
93772303.5,-53.258957,-11.933433,18.39907
93772323.2,-67.403435,-14.249767,12.782915
93772343.0,-76.81235,-34.3813,-0.20339718
93772362.8,-56.85071,-50.00221,-34.106117
93772382.5,-45.604042,-27.224115,-29.447126
93772402.2,-47.932343,-34.285587,-78.36774
93772422.0,-77.56851,-2.290013,-26.50385
93772441.8,-76.24763,78.36774,9.255769
93772461.5,-7.4826236,7.0710435,16.556532
93772481.2,0.5336185,-1.5936768,12.32587
93772501.0,-2.163189,2.2517266,11.380671
93772520.8,-3.0796728,3.5893621,9.88271
93772540.5,-4.2856984,3.5893621,8.786758
93772560.2,-5.6329055,-0.96194905,10.940375
93772580.0,-2.833203,-1.5697477,12.6082325
93772599.8,-35.50358,-7.4874096,2.2325833
93772619.5,-36.09702,-23.30214,-3.7951522
93772639.2,-9.652991,-11.529031,-13.137066
93772659.0,-78.39167,-5.1758604,14.039192
93772678.8,-74.72573,15.994198,27.743376
93772698.5,-53.615498,1.2467052,40.61483
93772718.2,-39.167118,11.189239,40.413826
93772738.0,-26.723997,13.807079,38.35353
93772757.8,-16.66182,18.035349,38.128597
93772777.5,-0.35893622,31.26813,33.42414
93772797.2,9.889889,26.269344,31.402132
93772817.0,9.327556,11.550568,25.46772
93772836.8,-7.231368,12.347405,15.357684
93772856.5,-17.803236,3.749687,12.483802
93772876.2,-25.139893,-1.7946811,11.306491
93772896.0,-30.612473,-3.2471762,12.952811
93772915.8,-36.637817,-7.609448,17.40362
93772935.5,-43.543747,-13.077243,17.779306
93772955.2,-59.274727,-17.059042,14.730742
93772975.0,-59.36087,-20.665154,5.106466
93772994.8,-70.234245,-26.566065,-4.5537043
93773014.5,-43.680145,-35.6304,-36.168804
93773034.2,-45.47961,-18.296175,-23.63236
93773054.0,-25.249966,-29.896994,-8.774794
93773073.8,-58.547283,8.712579,-23.857294
93773093.5,-75.65418,-5.3960075,4.55849
93773113.2,-15.477329,31.516993,-24.161194
93773133.0,-10.256004,1.4955676,17.659662
93773152.8,-5.5850477,-1.5171037,7.032757
93773172.5,-9.274912,2.7279153,8.478073
93773192.2,-7.1643667,-0.30629224,9.552489
93773212.0,-5.2452545,-4.900676,10.126787
93773231.8,-3.5103962,-3.0557437,8.446965
93773251.5,-11.165309,-4.084694,6.2861695
93773271.2,-46.410454,-5.2931128,5.355328
93773291.0,-46.59231,-31.014482,17.226545
93773310.8,-70.45679,-10.808765,41.6031
93773330.5,-45.204426,19.942495,15.917624
93773350.2,-54.46977,15.644834,34.52727
93773370.0,-37.130756,7.2648687,43.25899
93773389.8,-20.342112,6.6259627,42.0075
93773409.5,-13.6443615,12.371335,45.97255
93773429.2,-0.002392908,29.155191,39.96635
93773449.0,17.674019,29.10494,29.743847
93773468.8,20.947517,9.4998455,31.37581
93773488.5,8.770008,18.784328,20.847015
93773508.2,-9.093051,11.012163,17.31269
93773528.0,-18.152601,1.5817122,17.193045
93773547.8,-28.334425,-1.691786,18.26746
93773567.5,-29.195871,-7.212225,21.579245
93773587.2,-34.771347,-10.710656,22.579481
93773607.0,-47.046967,-10.397185,23.412212
93773626.8,-54.237656,-11.481173,13.986547
93773646.5,-64.92917,-25.872122,12.134437
93773666.2,-66.900925,-36.499027,-17.80563
93773686.0,-46.59949,-38.590427,-23.716112
93773705.8,-49.217335,-40.308537,-31.86157
93773725.5,-32.993416,-26.97286,10.169859
93773745.2,-56.714314,17.872631,14.46513
93773765.0,-77.5039,-51.854317,60.55972
93773784.8,-4.113409,5.2715764,11.4046
93773804.5,-5.991842,-0.7226582,7.6429486
93773824.2,-7.867882,-1.7875023,11.768322
93773844.0,-10.0334635,-0.8040171,12.502945
93773863.8,-5.1638956,-1.1342385,11.050449
93773883.5,-2.988742,-0.90451926,7.138045
93773903.2,-6.812609,-0.40440148,13.129887
93773923.0,-46.903393,-6.424958,15.931982
93773942.8,-42.443012,-23.52468,5.5946193
93773962.5,-51.63417,-8.566611,49.138367
93773982.2,-34.28798,7.341442,21.856823
93774002.0,-46.018017,14.824065,36.343487
93774021.8,-31.990788,8.92794,43.967293
93774041.5,-19.349054,10.378042,43.763897
93774061.2,-14.223446,18.899189,43.51982
93774082.0,-8.413465,29.451912,43.986435
93774102.0,7.3079414,35.218822,30.473684
93774122.0,18.796293,16.121021,25.312181
93774142.0,13.41225,16.156916,21.576853
93774161.0,-4.905462,16.106665,19.887459
93774180.8,-16.312454,1.7061435,20.691477
93774200.5,-23.218388,-2.9337053,18.815435
93774220.2,-26.357883,-7.8008804,22.416763
93774240.0,-35.4629,-12.706342,29.595488
93774259.8,-41.61985,-13.18253,24.757027
93774279.5,-48.197956,-6.4488873,12.349798
93774299.2,-76.72142,-18.236353,10.763301
93774319.0,-68.135666,-39.451878,-22.66084
93774338.8,-55.989265,-41.476276,-27.997025
93774358.5,-38.793827,-31.607924,-21.866394
93774378.2,-37.511227,-19.621847,-7.238547
93774398.0,-42.64162,-10.842267,10.038249
93774417.8,-69.10958,-1.3831009,23.462463
93774437.5,-9.451987,5.362507,14.520166
93774457.2,-4.493881,-0.002392908,12.780522
93774477.0,-4.381415,1.0815945,10.806373
93774496.8,-6.214382,0.69872916,11.23231
93774516.5,-5.29072,1.6702498,11.990863
93774536.2,-3.4960387,0.93802,8.621648
93774556.0,-1.5912839,-2.160796,11.464422
93774575.8,-55.405396,-8.0114565,15.4199
93774595.5,-51.363773,-23.357176,10.217717
93774615.2,-50.0381,-10.823123,53.957684
93774635.0,-37.353294,2.526911,24.065477
93774654.8,-52.148647,17.609411,41.220234
93774674.5,-33.534214,17.286367,42.17022
93774694.2,-21.225094,17.417978,42.057755
93774714.0,-14.9317465,18.53068,44.273586
93774733.8,-4.630277,25.135107,44.601414
93774753.5,10.378042,31.167627,33.517464
93774773.2,17.621376,13.012634,33.541393
93774793.0,10.65562,15.833873,23.967367
93774812.8,-1.8401463,13.132279,19.423235
93774832.5,-13.74965,4.4890957,19.157621
93774852.2,-22.565123,1.797074,18.494787
93774872.0,-29.758205,-0.7944455,21.708462
93774891.8,-40.863693,-7.291191,27.48255
93774911.5,-46.388916,-10.344542,25.53233
93774931.2,-58.14288,-11.189239,14.455558
93774951.0,-66.25484,-23.180101,11.545781
93774970.8,-73.41442,-27.063791,-10.1339655
93774990.5,-44.867027,-42.593765,-32.19897
93775010.2,-44.9771,-26.544529,-21.531387
93775030.0,-26.68571,-25.051355,-76.020294
93775049.8,-78.20023,78.36774,-14.943711
93775069.5,-46.338665,-78.40124,78.40124
93775089.2,-0.23211208,6.408208,7.6931996
93775109.0,-7.6453414,-17.379692,16.027699
93775128.8,-3.48886,2.2062612,8.394321
93775148.5,-3.2471762,-1.5912839,11.49553
93775168.2,-5.8171597,1.4166015,9.901854
93775188.0,-6.8963614,-0.703515,9.435237
93775207.8,-1.5147108,-3.0844586,12.199045
93775227.5,-53.14888,-5.4031863,9.7917795
93775247.2,-44.847885,-28.432533,11.943005
93775267.0,-56.321877,-12.426372,47.2049
93775286.8,-44.019936,12.782915,22.4718
93775306.5,-53.438423,30.25593,30.645973
93775326.2,-41.347057,25.178179,36.963253
93775346.0,-19.021227,13.981762,35.690224
93775365.8,-13.579754,6.8580747,44.266407
93775385.5,-7.7769513,24.091799,43.012524
93775405.2,8.068886,32.75652,32.388012
93775425.0,18.707756,12.950418,31.385382
93775444.8,14.4412,16.738392,21.399776
93775464.5,-0.83991075,15.238039,18.1191
93775484.2,-14.110979,8.245961,17.73384
93775504.0,-21.150915,6.0397,16.551744
93775523.8,-26.444027,-2.5867336,21.933395
93775543.5,-30.574186,-5.285934,28.030525
93775563.2,-38.597607,-5.7740874,22.43112
93775583.0,-51.811245,-4.4890957,13.117922
93775602.8,-61.469025,-14.084657,6.45128
93775622.5,-72.217964,-26.91543,-5.4773664
93775642.2,-55.247463,-43.065166,-33.034096
93775662.0,-59.112007,-39.46145,-35.166176
93775681.8,-67.18807,-35.8673,25.99416
93775701.5,-2.1584032,-34.93885,15.7908
93775721.2,18.408642,75.950905,-56.235733
93775741.0,-9.02605,-2.4814458,22.919273
93775760.8,0.15314612,-1.3950654,6.010985
93775780.5,-7.386907,3.6228628,8.638398
93775800.2,-6.2909555,-2.1009734,12.883417
93775820.0,-5.4079723,-0.34218585,10.224896
93775839.8,0.25604117,1.2634555,6.874825
93775859.5,-7.386907,4.347914,10.179431
93775879.2,-38.22192,-2.7255223,15.328969
93775899.0,-44.086937,-20.186573,15.496472
93775918.8,-78.39167,-33.34757,7.7506294
93775938.5,-41.56242,1.6511066,29.033154
93775958.2,-41.402096,14.627847,33.77111
93775978.0,-33.297318,18.154993,40.41143
93775997.8,-16.360313,18.092777,40.00464
93776017.5,-10.105251,17.066221,42.840233
93776037.2,-6.9705415,29.78692,39.904137
93776057.0,4.22109,29.91853,29.332268
93776076.8,14.244982,11.00977,24.579952
93776096.5,7.080615,15.788407,17.42037
93776116.2,-5.8961253,11.962148,16.539782
93776136.0,-14.651776,0.3613291,19.183945
93776155.8,-25.958267,-1.899969,18.655111
93776175.5,-27.477764,-1.7324655,17.216974
93776195.2,-36.51817,-2.3259068,19.69842
93776215.0,-46.68803,-6.3053126,22.773306
93776234.8,-65.13257,-7.965991,17.59266
93776254.5,-64.14669,-28.769934,7.552018
93776274.2,-66.48695,-38.521034,-29.119299
93776294.0,-49.602592,-32.17983,-34.670845
93776313.8,-47.259933,-27.992239,-13.235175
93776333.5,40.04532,-15.893696,-31.438026
93776353.2,-51.299164,74.13947,21.485922
93776373.0,15.039428,-78.40124,58.14288
93776392.8,-28.229137,-26.965681,43.593998
93776412.5,-1.6678569,-4.063158,13.613255
93776432.2,0.96434194,-5.1423593,11.787465
93776452.0,-4.036836,1.0193789,10.674763
93776471.8,-6.2287397,3.6420062,10.588618
93776491.5,-6.345992,-4.874354,9.105016
93776511.2,0.34218585,0.5144752,6.2430973
93776531.0,-10.46658,-3.7449012,5.3074703
93776550.8,-45.185284,1.7827165,8.724543
93776570.5,-30.38754,-31.10302,9.801352
93776590.2,-78.39167,-22.333012,44.725845
93776610.0,-45.391075,15.266753,25.860157
93776629.8,-41.30638,20.354076,34.5847
93776649.5,-26.003733,14.103801,43.424103
93776669.2,-10.248825,16.50628,44.713882
93776689.0,-11.069592,18.456501,49.341766
93776708.8,2.471874,35.58733,33.42175
93776728.5,12.785308,15.613726,28.31289
93776748.2,7.0183992,7.006435,25.383968
93776768.0,-9.066729,11.804215,20.667547
93776787.8,-18.90876,1.1916683,21.239452
93776807.5,-25.015461,-5.946377,19.059513
93776827.2,-26.910645,-5.465402,21.275347
93776847.0,-37.740948,-9.538132,28.308104
93776866.8,-46.805283,-22.995848,25.711798
93776886.5,-60.12421,-17.073399,11.904717
93776906.2,-69.05454,-23.290174,-10.095679
93776926.0,-61.16034,-38.98765,-39.3753
93776945.8,-44.814384,-27.676374,-32.043434
93776965.5,-32.689518,-29.131264,-19.648169
93776985.2,7.398872,22.510086,-75.87194
93777005.0,-78.39167,3.7640445,3.2687125
93777024.8,-18.446928,11.49553,14.010477
93777044.5,-13.225603,14.180373,15.759693
93777064.2,-1.5194967,-2.8978117,9.090658
93777084.0,-0.48815325,1.0815945,8.686256
93777103.8,-3.7257578,3.802331,12.962383
93777123.5,-5.936805,4.175625,10.181824
93777143.2,-9.291662,-1.7061435,9.0475855
93777163.0,-1.3902797,1.6534995,8.358428
93777182.8,-18.906366,-10.607761,14.115765
93777202.5,-41.382954,-4.276127,3.0413861
93777222.2,-33.775898,-11.411778,2.057901
93777242.0,-43.672966,13.912368,15.630476
93777261.8,-41.51217,18.841759,20.167429
93777281.5,-41.423634,15.948732,37.29826
93777301.2,-26.271738,7.0901866,43.074738
93777321.0,-16.836502,14.398128,41.390133
93777340.8,-13.548646,21.622318,44.40041
93777360.5,-1.6056414,34.572735,38.621536
93777380.2,10.471366,25.663939,32.505264
93777400.0,16.61396,12.629769,29.75342
93777419.8,5.726229,20.650797,21.205952
93777439.5,-7.8702745,9.853995,21.835287
93777459.2,-19.808493,2.9193478,20.404327
93777479.0,-26.542137,1.691786,20.033426
93777498.8,-31.174807,-3.3237493,24.302374
93777518.5,-42.75648,-1.3496002,27.209759
93777538.2,-54.436268,-3.6085055,18.94944
93777558.0,-61.469025,-11.000198,6.2287397
93777577.8,-71.63171,-30.547865,2.8044882
93777597.5,-61.430737,-43.45282,-33.8764
93777617.2,-52.442974,-29.002047,-30.007067
93777637.0,-31.777819,-66.38884,-69.0019
93777656.8,-78.39167,78.36774,39.193443
93777676.5,1.1916683,-78.40124,69.454155
93777696.2,-1.4166015,-38.8034,43.15131
93777716.0,-2.4048727,-3.1993182,12.904953
93777735.8,0.14118157,-1.978935,8.088029
93777755.5,-8.372786,3.3548572,11.261025
93777775.2,-6.5206747,-1.6846073,12.019577
93777795.0,-7.552018,1.4716384,9.399343
93777814.8,0.22014755,3.0820656,5.0825367
93777834.5,-11.916682,-5.393615,12.967169
93777854.2,-37.28151,-6.0803795,19.4352
93777874.0,-41.138874,-11.64389,15.55151
93777893.8,-52.27308,-8.188532,27.382048
93777913.5,-34.357376,6.3866715,22.088934
93777933.2,-37.34851,14.656562,34.496162
93777953.0,-25.379183,10.80398,37.94195
93777972.8,-15.592189,13.512752,34.536842
93777992.5,-11.476387,17.563946,35.642365
93778012.2,-6.6235695,27.336582,37.76966
93778032.0,6.7551794,30.631617,28.492357
93778051.8,20.952303,11.576889,27.015932
93778071.5,10.44983,17.099722,21.988432
93778091.2,-3.275891,12.742235,21.167665
93778111.0,-13.043742,2.0698655,19.50938
93778130.8,-17.697948,-0.6484781,17.027933
93778150.5,-25.58976,-6.2670264,21.136557
93778170.2,-35.326504,-5.9224477,21.713247
93778190.0,-44.254444,-2.2708697,16.372276
93778209.8,-55.864834,-2.4599094,9.928176
93778229.5,-63.17756,-18.157387,9.837245
93778249.2,-67.46565,-28.37989,-4.034443
93778269.0,-48.733967,-33.75436,-29.255693
93778288.8,-44.201797,-26.695282,-22.71109
93778308.5,4.6015625,-26.532564,-65.067955
93778328.2,-59.88013,78.36774,5.733408
93778348.0,-26.597174,-78.40124,78.40124
93778367.8,3.2304258,-37.475334,24.565594
93778387.5,1.6798215,-0.86623275,11.545781
93778407.2,2.8403819,-5.1327877,9.181588
93778427.0,-3.5199678,2.263691,12.103329
93778446.8,-5.7884445,4.4101295,12.380906
93778466.5,-5.6089764,-3.771223,8.676684
93778486.2,1.0552725,1.5601761,6.475209
93778506.0,-20.485685,-12.727879,12.244511
93778525.8,-40.97616,-11.6726055,1.119881
93778545.5,-34.199444,-18.56418,12.701556
93778565.2,-55.51786,-2.031579,25.171
93778585.0,-42.431046,13.754436,22.120043
93778604.8,-45.821796,3.7903664,36.786175
93778624.5,-32.502872,4.008121,42.052967
93778644.2,-19.224623,9.638634,38.36071
93778664.0,-18.109528,13.847759,39.880207
93778683.8,-6.2407045,28.674217,36.556458
93778703.5,2.031579,26.336346,32.64166
93778723.2,7.896597,6.1928463,30.531115
93778743.0,0.72744405,13.740078,15.93916
93778762.8,-10.86141,6.707321,15.003533
93778782.5,-20.181787,-3.6396132,16.834108
93778802.2,-25.103998,-4.6518135,14.742706
93778822.0,-30.136284,-6.8796105,16.726427
93778841.8,-34.036724,-11.060021,18.205244
93778861.5,-46.54685,-19.624239,17.193045
93778881.2,-57.628407,-16.477566,4.326378
93778901.0,-57.16897,-27.73859,-6.932255
93778920.8,-72.074394,-26.893894,-24.204266
93778940.5,-42.340115,-33.23749,-31.076698
93778960.2,-59.049793,-40.253498,-34.249695
93778980.0,-60.176853,24.855137,52.71816
93778999.8,30.361217,-44.89335,17.578302
93779019.5,-13.024599,62.038536,-29.514128
93779039.2,-5.0131426,-9.069121,20.815908
93779059.0,-2.8523464,-3.5558615,6.9609694
93779078.8,-8.683864,3.1083877,9.4137
93779098.5,-8.049743,-2.0411506,14.039192
93779118.2,-4.8217096,-2.9097762,8.418251
93779138.0,2.2301903,-0.8805902,6.412994
93779157.8,-9.140909,-3.5462897,7.138045
93779177.5,-46.50856,-0.9786994,0.6101916
93779197.2,-39.176693,-36.64739,5.022714
93779217.0,-65.74754,-19.119335,44.007973
93779236.8,-55.642292,2.785345,21.950146
93779256.5,-60.294106,22.919273,27.891737
93779276.2,-47.941914,19.217445,37.408333
93779296.0,-29.789312,14.778601,41.263306
93779315.8,-18.978153,9.964069,46.50617
93779335.5,-7.10933,24.773777,45.218784
93779355.2,9.959284,35.008244,35.905586
93779375.0,13.582147,10.3852215,37.86059
93779394.8,7.829595,17.853487,23.835758
93779414.5,-7.1236873,6.563747,19.724741
93779434.2,-20.83505,-0.8255533,16.836502
93779455.0,-28.27221,-2.4168372,15.197359
93779475.0,-36.853176,-2.988742,19.564417
93779495.0,-41.58635,-7.0973654,17.889381
93779515.0,-54.321407,-15.443829,16.278954
93779534.0,-56.812424,-18.396677,-3.1323166
93779553.8,-38.518642,-27.604588,-16.704891
93779573.5,-76.34334,-23.440928,-26.925001
93779593.2,-30.260715,-48.470745,-36.25495
93779613.0,-27.901308,-14.749886,-35.01303
93779632.8,-18.322496,-8.241176,-21.801786
93779652.5,-78.39167,-78.40124,-12.256475
93779672.2,10.382828,10.177038,34.067833
